Workbook

Sheet 成績一覧
C1: =投入確認!A1 -> 3月31日まで | I1: 百貨店 和惣菜
A2: 売上順 | C2: 本年 | D2: 前年 | E2: 昨対比 | F2: 昨対順 | G2: 上代達成率 | H2: 上代累計
A3: =投入確認!B22 -> 1 | B3: =投入確認!F22 -> 名古屋 | C3: =投入確認!E22 -> 11702447 | D3: =投入確認!D22 -> 9780171 | E3: =投入確認!C22 -> 1.1965483 | F3: =投入確認!A22 -> 2 | H3: =名古屋!E35 -> 0
A4: =投入確認!B14 -> 2 | B4: =投入確認!F14 -> 泉北 | C4: =投入確認!E14 -> 11647246 | D4: =投入確認!D14 -> 10866553 | E4: =投入確認!C14 -> 1.0718437 | F4: =投入確認!A14 -> 5 | G4: =C4/H4 -> 0.82132089 | H4: =泉北!E35 -> 14181115 | I4: 1.07
A5: =投入確認!B12 -> 3 | B5: =投入確認!F12 -> なんば | C5: =投入確認!E12 -> 10974132 | D5: =投入確認!D12 -> 11260157 | E5: =投入確認!C12 -> 0.97459849 | F5: =投入確認!A12 -> 19 | G5: 107.9 | H5: =なんば!E34 -> 0
A6: =投入確認!B3 -> 4 | B6: =投入確認!F3 -> あべの | C6: =投入確認!E3 -> 10124333 | D6: =投入確認!D3 -> 10505917 | E6: =投入確認!C3 -> 0.96367913 | F6: =投入確認!A3 -> 20 | H6: =あべの!E35 -> 0
A7: =投入確認!B30 -> 5 | B7: =投入確認!F30 -> 東京 | C7: =投入確認!E30 -> 10028367 | D7: =投入確認!D30 -> 10267776 | E7: =投入確認!C30 -> 0.97668346 | F7: =投入確認!A30 -> 18 | H7: =東京!E35 -> 0 | I7: 106.2
A8: =投入確認!B16 -> 6 | B8: =投入確認!F16 -> うめ阪 | C8: =投入確認!E16 -> 9794453 | D8: =投入確認!D16 -> 9809268 | E8: =投入確認!C16 -> 0.99848969 | F8: =投入確認!A16 -> 15 | G8: =C8/H8 -> 0.87988808 | H8: =うめ阪!E35 -> 11131476 | I8: 0.983
A9: =投入確認!B44 -> 7 | B9: =投入確認!F44 -> 伊勢丹 | C9: =投入確認!E44 -> 8967638 | D9: =投入確認!D44 -> 9935383 | E9: =投入確認!C44 -> 0.90259611 | F9: =投入確認!A44 -> 30 | G9: 104,3 | H9: =伊勢丹!E35 -> 0
A10: =投入確認!B4 -> 8 | B10: =投入確認!F4 -> 上本町 | C10: =投入確認!E4 -> 8713399 | D10: =投入確認!D4 -> 8893470 | E10: =投入確認!C4 -> 0.97975245 | F10: =投入確認!A4 -> 16 | H10: =上本町!E35 -> 0
A11: =投入確認!B33 -> 9 | B11: =投入確認!F33 -> 横浜 | C11: =投入確認!E33 -> 8348850 | D11: =投入確認!D33 -> 8074824 | E11: =投入確認!C33 -> 1.0339358 | F11: =投入確認!A33 -> 10 | G11: =C11/H11 -> 0.96223209 | H11: =横浜!E35 -> 8676545
A12: =投入確認!B32 -> 10 | B12: =投入確認!F32 -> 西宮 | C12: =投入確認!E32 -> 7221376 | D12: =投入確認!D32 -> 7018121 | E12: =投入確認!C32 -> 1.0289615 | F12: =投入確認!A32 -> 11 | H12: =西宮!E35 -> 8112147 | I12: 1.022
A13: =投入確認!B18 -> 11 | B13: =投入確認!F18 -> 神戸阪 | C13: =投入確認!E18 -> 7187481 | D13: =投入確認!D18 -> 7787354 | E13: =投入確認!C18 -> 0.92296832 | F13: =投入確認!A18 -> 27 | G13: =C13/H13 -> 0.875088 | H13: =神戸阪!E35 -> 8213438 | I13: 0.98
A14: =投入確認!B31 -> 12 | B14: 池東武 | C14: =投入確認!E31 -> 6452065 | D14: =投入確認!D31 -> 9858822 | E14: =投入確認!C31 -> 0.65444584 | F14: =投入確認!A31 -> 37 | G14: =C14/H14 -> #DIV/0! | H14: =池東武!E35 -> 0 | I14: 0.871
A15: =投入確認!B7 -> 13 | B15: =投入確認!F7 -> 京都 | C15: =投入確認!E7 -> 5920879 | D15: =投入確認!D7 -> 5854628 | E15: =投入確認!C7 -> 1.011316 | F15: =投入確認!A7 -> 13 | H15: =京都!E35 -> 0
A16: =投入確認!B41 -> 14 | B16: =投入確認!F41 -> 梅阪神 | C16: =投入確認!E41 -> 5724446 | D16: =投入確認!D41 -> 5997043 | E16: =投入確認!C41 -> 0.95454476 | F16: =投入確認!A41 -> 22 | G16: =C16/H16 -> 0.87055741 | H16: =梅阪神!E35 -> 6575610 | I16: 1.003
A17: =投入確認!B17 -> 15 | B17: =投入確認!F17 -> 宝塚 | C17: =投入確認!E17 -> 5230981 | D17: =投入確認!D17 -> 5538053 | E17: =投入確認!C17 -> 0.94455235 | F17: =投入確認!A17 -> 25 | G17: =C17/H17 -> 0.93930937 | H17: =宝塚!E35 -> 5568965
A18: =投入確認!B10 -> 16 | B18: =投入確認!F10 -> 守口 | C18: =投入確認!E10 -> 5109744 | D18: =投入確認!D10 -> 4824904 | E18: =投入確認!C10 -> 1.0590354 | F18: =投入確認!A10 -> 7 | G18: =C18/H18 -> 0.86693244 | H18: =守口!E35 -> 5894051
A19: =投入確認!B40 -> 17 | B19: =投入確認!F40 -> はか阪 | C19: =投入確認!E40 -> 4975237 | D19: =投入確認!D40 -> 5681423 | E19: =投入確認!C40 -> 0.87570262 | F19: =投入確認!A40 -> 32 | G19: 91,6% | H19: =はか阪!E35 -> 0 | I19: 94,7%
A20: =投入確認!B21 -> 18 | B20: =投入確認!F21 -> 川西 | C20: =投入確認!E21 -> 4937018 | D20: =投入確認!D21 -> 4803368 | E20: =投入確認!C21 -> 1.0278242 | F20: =投入確認!A21 -> 12 | H20: =川西!E35 -> 6037173 | I20: =C20/H20 -> 0.81776984
A21: =投入確認!B38 -> 20 | B21: =投入確認!F38 -> 栄 | C21: =投入確認!E38 -> 4650692 | D21: =投入確認!D38 -> 5103916 | E21: =投入確認!C38 -> 0.91120073 | F21: =投入確認!A38 -> 29 | G21: =C21/H21 -> 0.86420813 | H21: =栄!E35 -> 5381449
A22: =投入確認!B20 -> 19 | B22: =投入確認!F20 -> 京橋 | C22: =投入確認!E20 -> 4724505 | D22: =投入確認!D20 -> 5619405 | E22: =投入確認!C20 -> 0.84074826 | F22: =投入確認!A20 -> 34 | G22: =C22/H22 -> 0.81350792 | H22: =京橋!E35 -> 5807571 | I22: 0.985
A23: =投入確認!B39 -> 21 | B23: =投入確認!F39 -> 上野 | C23: =投入確認!E39 -> 4590502 | D23: =投入確認!D39 -> 4273477 | E23: =投入確認!C39 -> 1.0741843 | F23: =投入確認!A39 -> 4 | G23: =C23/H23 -> #DIV/0! | H23: =上野!E35 -> 0 | I23: 1.029
A24: =投入確認!B15 -> 22 | B24: =投入確認!F15 -> 岡山 | C24: =投入確認!E15 -> 4566455 | D24: =投入確認!D15 -> 4668031 | E24: =投入確認!C15 -> 0.97824008 | F24: =投入確認!A15 -> 17 | G24: =C24/H24 -> #DIV/0! | H24: =岡山!E35 -> 0 | I24: 98.9
A25: =投入確認!B19 -> 23 | B25: =投入確認!F19 -> 千里 | C25: =投入確認!E19 -> 4281266 | D25: =投入確認!D19 -> 4619838 | E25: =投入確認!C19 -> 0.92671345 | F25: =投入確認!A19 -> 26 | G25: =C25/H25 -> 0.88736069 | H25: =千里!E35 -> 4824719
A26: =投入確認!B27 -> 24 | B26: =投入確認!F27 -> 新宿 | C26: =投入確認!E27 -> 4184830 | D26: =投入確認!D27 -> 3308324 | E26: =投入確認!C27 -> 1.2649396 | F26: =投入確認!A27 -> 1 | G26: =C26/H26 -> 0.94128737 | H26: =新宿!E35 -> 4445858 | I26: 1.051
A27: =投入確認!B36 -> 25 | B27: =投入確認!F36 -> 柏 | C27: =投入確認!E36 -> 3935008 | D27: =投入確認!D36 -> 3478022 | E27: =投入確認!C36 -> 1.1313925 | F27: =投入確認!A36 -> 3 | H27: =柏!E35 -> 0
A28: =投入確認!B26 -> 26 | B28: =投入確認!F26 -> 流山 | C28: =投入確認!E26 -> 3794815 | D28: =投入確認!D26 -> 3569416 | E28: =投入確認!C26 -> 1.0631473 | F28: =投入確認!A26 -> 6 | H28: =流山!E35 -> 0 | I28: 1.06
A29: =投入確認!B9 -> 27 | B29: =投入確認!F9 -> 和歌山 | C29: =投入確認!E9 -> 3540021 | D29: =投入確認!D9 -> 3418708 | E29: =投入確認!C9 -> 1.035485 | F29: =投入確認!A9 -> 9 | G29: =C29/H29 -> 0.91499466 | H29: =和歌山!E35 -> 3868898
A30: =投入確認!B25 -> 28 | B30: 小倉 | C30: =投入確認!E25 -> 3405215 | D30: =投入確認!D25 -> 3595335 | E30: =投入確認!C25 -> 0.94712037 | F30: =投入確認!A25 -> 24 | G30: =C30/H30 -> #DIV/0! | H30: =小倉!E35 -> 0
A31: =投入確認!B35 -> 29 | B31: =投入確認!F35 -> 梅大丸 | C31: =投入確認!E35 -> 3370539 | D31: =投入確認!D35 -> 3345630 | E31: =投入確認!C35 -> 1.0074452 | F31: =投入確認!A35 -> 14 | G31: =C31/H31 -> 0.82606593 | H31: =梅大丸!E35 -> 4080230
A32: =投入確認!B11 -> 30 | B32: =投入確認!F11 -> 枚方 | C32: =投入確認!E11 -> 3234511 | D32: =投入確認!D11 -> 3401987 | E32: =投入確認!C11 -> 0.95077112 | F32: =投入確認!A11 -> 23 | G32: =C32/H32 -> 0.78848761 | H32: =枚方!E35 -> 4102171 | I32: 1.046
A33: =投入確認!B37 -> 31 | B33: =投入確認!F37 -> 神大丸 | C33: =投入確認!E37 -> 3203569 | D33: =投入確認!D37 -> 3354172 | E33: =投入確認!C37 -> 0.9550998 | F33: =投入確認!A37 -> 21 | G33: =C33/H33 -> #DIV/0! | H33: =神大丸!E35 -> 0 | I33: 0.971
A34: =投入確認!B29 -> 32 | B34: =投入確認!F29 -> 松山 | C34: =投入確認!E29 -> 3078755 | D34: =投入確認!D29 -> 2930310 | E34: =投入確認!C29 -> 1.0506585 | F34: =投入確認!A29 -> 8 | G34: =C34/H34 -> 1.5369867 | H34: =松山!E35 -> 2003111 | I34: 1.044
A35: =投入確認!B34 -> 34 | B35: =投入確認!F34 -> あまがさき | C35: =投入確認!E34 -> 2544877 | D35: =投入確認!D34 -> 2788089 | E35: =投入確認!C34 -> 0.91276749 | F35: =投入確認!A34 -> 28 | G35: =C35/H35 -> 0.851335 | H35: =あまが!E35 -> 2989278
A36: =投入確認!B6 -> 33 | B36: =投入確認!F6 -> 橿原 | C36: =投入確認!E6 -> 2553402 | D36: =投入確認!D6 -> 3292726 | E36: =投入確認!C6 -> 0.7754675 | F36: =投入確認!A6 -> 35 | G36: =C36/H36 -> 0.80309146 | H36: =橿原!E35 -> 3179466 | I36: 0.992
A37: =投入確認!B42 -> 35 | B37: =投入確認!F42 -> 高槻 | C37: =投入確認!E42 -> 2401225 | D37: =投入確認!D42 -> 2722345 | E37: =投入確認!C42 -> 0.88204287 | F37: =投入確認!A42 -> 31 | G37: =C37/H37 -> 0.80559043 | H37: =高槻!E35 -> 2980702
A38: =投入確認!B5 -> 36 | B38: =投入確認!F5 -> 東大阪 | C38: =投入確認!E5 -> 2217491 | D38: =投入確認!D5 -> 2587689 | E38: =投入確認!C5 -> 0.85693876 | F38: =投入確認!A5 -> 33 | H38: =東大阪!E35 -> 0
A39: =投入確認!B8 -> 37 | B39: =投入確認!F8 -> 洛西 | C39: =投入確認!E8 -> 1208400 | D39: =投入確認!D8 -> 1642879 | E39: =投入確認!C8 -> 0.73553804 | F39: =投入確認!A8 -> 36 | G39: =C39/H39 -> 0.81760517 | H39: =洛西!E35 -> 1477975
B40: =投入確認!F13 -> 堺 | C40: =投入確認!E13 -> 0 | D40: =投入確認!D13 -> 4632618 | E40: =投入確認!C13 -> 0 | H40: =堺!E35 -> 0
B41: =投入確認!F28 -> 川崎 | C41: =投入確認!E28 -> 0 | D41: =投入確認!D28 -> 2982300 | E41: =投入確認!C28 -> 0 | G41: =C41/H41 -> #DIV/0! | H41: =川崎!E35 -> 0
B42: =投入確認!F23 -> くずは | C42: =投入確認!E23 -> 0 | D42: =投入確認!D23 -> 2967324 | E42: =投入確認!C23 -> 0 | G42: =C42/H42 -> #DIV/0! | H42: =くずは!E35 -> 0
B43: =投入確認!F24 -> 須磨 | C43: =投入確認!E24 -> 0 | D43: =投入確認!D24 -> 2833646 | E43: =投入確認!C24 -> 0 | G43: =C43/H43 -> #DIV/0! | H43: =須磨!E35 -> 0
B44: =投入確認!F43 -> イズミヤ | C44: =投入確認!E43 -> 0 | D44: =投入確認!D43 -> 1372182 | E44: =投入確認!C43 -> 0
B45: 既存店合計 | C45: =投入確認!E46 -> 208306820 | D45: =投入確認!D46 -> 214477534 | E45: =投入確認!C46 -> 0.97122909
A47: =投入確認!B45 -> 合計 | B47: 全店合計 | C47: =投入確認!E45 -> 208306820 | D47: =投入確認!D45 -> 229265604 | E47: =投入確認!C45 -> 0.90858296

Sheet 投入確認
A1: 3月31日まで
A2: 昨対順位 | B2: 売上順位 | C2: 昨年対比 | D2: 前年 | E2: 本年 | F2: 46082 | G2: 1日 | H2: 2日 | I2: 3日 | J2: 4日 | K2: 5日 | L2: 6日 | M2: 7日 | N2: 8日 | O2: 9日 | P2: 10日 | Q2: 11日 | R2: 12日 | S2: 13日 | T2: 14日 | U2: 15日 | V2: 16日 | W2: 17日 | X2: 18日 | Y2: 19日 | Z2: 20日 | AA2: 21日 | AB2: 22日 | AC2: 23日 | AD2: 24日 | AE2: 25日 | AF2: 26日 | AG2: 27日 | AH2: 28日 | AI2: 29日 | AJ2: 30日 | AK2: 31日 | AL2: 合計 | AM2: 客数合計
A3: =RANK(C3,$C$3:$C$44,0) -> 20 | B3: =RANK(E3,$E$3:$E$44,0) -> 4 | C3: =IF(E3<1,0,E3/D3) -> 0.96367913 | D3: =SUM(G64:AK64) -> 10505917 | E3: =SUM(G3:AK3) -> 10124333 | F3: あべの | G3: =あべの!A4 -> 361304 | H3: =あべの!A5 -> 275126 | I3: =あべの!A6 -> 256960 | J3: =あべの!A7 -> 334728 | K3: =あべの!A8 -> 357944 | L3: =あべの!A9 -> 329125 | M3: =あべの!A10 -> 357388 | N3: =あべの!A11 -> 367947 | O3: =あべの!A12 -> 293445 | P3: =あべの!A13 -> 337266 | Q3: =あべの!A14 -> 352648 | R3: =あべの!A15 -> 339892 | S3: =あべの!A16 -> 365529 | T3: =あべの!A17 -> 356288 | U3: =あべの!A18 -> 362514 | V3: =あべの!A19 -> 292823 | W3: =あべの!A20 -> 335583 | X3: =あべの!A21 -> 289095 | Y3: =あべの!A22 -> 312811 | Z3: =あべの!A23 -> 389403 | AA3: =あべの!A24 -> 393835 | AB3: =あべの!A25 -> 344822 | AC3: =あべの!A26 -> 275631 | AD3: =あべの!A27 -> 317206 | AE3: =あべの!A28 -> 300010 | AF3: =あべの!A29 -> 335654 | AG3: =あべの!A30 -> 319071 | AH3: =あべの!A31 -> 340831 | AI3: =あべの!A32 -> 321714 | AJ3: =あべの!A33 -> 268227 | AK3: =あべの!A34 -> 239513 | AL3: =SUM(G3:AK3) -> 10124333 | AM3: =あべの!F35 -> 10743
A4: =RANK(C4,$C$3:$C$44,0) -> 16 | B4: =RANK(E4,$E$3:$E$44,0) -> 8 | C4: =IF(E4<1,0,E4/D4) -> 0.97975245 | D4: =SUM(G65:AK65) -> 8893470 | E4: =SUM(G4:AK4) -> 8713399 | F4: 上本町 | G4: =上本町!A4 -> 277402 | H4: =上本町!A5 -> 354333 | I4: =上本町!A6 -> 254413 | J4: =上本町!A7 -> 245540 | K4: =上本町!A8 -> 274631 | L4: =上本町!A9 -> 293487 | M4: =上本町!A10 -> 299267 | N4: =上本町!A11 -> 268903 | O4: =上本町!A12 -> 242197 | P4: =上本町!A13 -> 278134 | Q4: =上本町!A14 -> 398878 | R4: =上本町!A15 -> 266471 | S4: =上本町!A16 -> 254441 | T4: =上本町!A17 -> 306046 | U4: =上本町!A18 -> 275191 | V4: =上本町!A19 -> 227596 | W4: =上本町!A20 -> 237134 | X4: =上本町!A21 -> 248764 | Y4: =上本町!A22 -> 265312 | Z4: =上本町!A23 -> 289976 | AA4: =上本町!A24 -> 279182 | AB4: =上本町!A25 -> 257191 | AC4: =上本町!A26 -> 310007 | AD4: =上本町!A27 -> 263755 | AE4: =上本町!A28 -> 252910 | AF4: =上本町!A29 -> 384858 | AG4: =上本町!A30 -> 261252 | AH4: =上本町!A31 -> 279789 | AI4: =上本町!A32 -> 273213 | AJ4: =上本町!A33 -> 380433 | AK4: =上本町!A34 -> 212693 | AL4: =SUM(G4:AK4) -> 8713399 | AM4: =上本町!F35 -> 9367
A5: =RANK(C5,$C$3:$C$44,0) -> 33 | B5: =RANK(E5,$E$3:$E$44,0) -> 36 | C5: =IF(E5<1,0,E5/D5) -> 0.85693876 | D5: =SUM(G66:AK66) -> 2587689 | E5: =SUM(G5:AK5) -> 2217491 | F5: 東大阪 | G5: =東大阪!A4 -> 74661 | H5: =東大阪!A5 -> 64738 | I5: =東大阪!A6 -> 63793 | J5: =東大阪!A7 -> 74746 | K5: =東大阪!A8 -> 72019 | L5: =東大阪!A9 -> 69394 | M5: =東大阪!A10 -> 69827 | N5: =東大阪!A11 -> 78223 | O5: =東大阪!A12 -> 66080 | P5: =東大阪!A13 -> 69919 | Q5: =東大阪!A14 -> 70912 | R5: =東大阪!A15 -> 68500 | S5: =東大阪!A16 -> 72879 | T5: =東大阪!A17 -> 75599 | U5: =東大阪!A18 -> 80380 | V5: =東大阪!A19 -> 75433 | W5: =東大阪!A20 -> 72192 | X5: =東大阪!A21 -> 73014 | Y5: =東大阪!A22 -> 70079 | Z5: =東大阪!A23 -> 80251 | AA5: =東大阪!A24 -> 75389 | AB5: =東大阪!A25 -> 71794 | AC5: =東大阪!A26 -> 61099 | AD5: =東大阪!A27 -> 69710 | AE5: =東大阪!A28 -> 62766 | AF5: =東大阪!A29 -> 75397 | AG5: =東大阪!A30 -> 66974 | AH5: =東大阪!A31 -> 76194 | AI5: =東大阪!A32 -> 76408 | AJ5: =東大阪!A33 -> 71896 | AK5: =東大阪!A34 -> 67225 | AL5: =SUM(G5:AK5) -> 2217491 | AM5: =東大阪!F35 -> 3214
A6: =RANK(C6,$C$3:$C$44,0) -> 35 | B6: =RANK(E6,$E$3:$E$44,0) -> 33 | C6: =IF(E6<1,0,E6/D6) -> 0.7754675 | D6: =SUM(G67:AK67) -> 3292726 | E6: =SUM(G6:AK6) -> 2553402 | F6: 橿原 | G6: =橿原!A4 -> 90485 | H6: =橿原!A5 -> 77168 | I6: =橿原!A6 -> 77389 | J6: =橿原!A7 -> 74675 | K6: =橿原!A8 -> 79094 | L6: =橿原!A9 -> 87750 | M6: =橿原!A10 -> 79819 | N6: =橿原!A11 -> 92478 | O6: =橿原!A12 -> 72374 | P6: =橿原!A13 -> 76731 | Q6: =橿原!A14 -> 96005 | R6: =橿原!A15 -> 82954 | S6: =橿原!A16 -> 75980 | T6: =橿原!A17 -> 85198 | U6: =橿原!A18 -> 85536 | V6: =橿原!A19 -> 71086 | W6: =橿原!A20 -> 67806 | X6: =橿原!A21 -> 92804 | Y6: =橿原!A22 -> 72771 | Z6: =橿原!A23 -> 85379 | AA6: =橿原!A24 -> 90290 | AB6: =橿原!A25 -> 87210 | AC6: =橿原!A26 -> 76229 | AD6: =橿原!A27 -> 61720 | AE6: =橿原!A28 -> 90442 | AF6: =橿原!A29 -> 95985 | AG6: =橿原!A30 -> 90495 | AH6: =橿原!A31 -> 80717 | AI6: =橿原!A32 -> 88845 | AJ6: =橿原!A33 -> 89831 | AK6: =橿原!A34 -> 78156 | AL6: =SUM(G6:AK6) -> 2553402 | AM6: =橿原!F35 -> 3257
A7: =RANK(C7,$C$3:$C$44,0) -> 13 | B7: =RANK(E7,$E$3:$E$44,0) -> 13 | C7: =IF(E7<1,0,E7/D7) -> 1.011316 | D7: =SUM(G68:AK68) -> 5854628 | E7: =SUM(G7:AK7) -> 5920879 | F7: 京都 | G7: =京都!A4 -> 193485 | H7: =京都!A5 -> 189640 | I7: =京都!A6 -> 173050 | J7: =京都!A7 -> 179005 | K7: =京都!A8 -> 208080 | L7: =京都!A9 -> 170490 | M7: =京都!A10 -> 185290 | N7: =京都!A11 -> 175500 | O7: =京都!A12 -> 188864 | P7: =京都!A13 -> 191670 | Q7: =京都!A14 -> 210535 | R7: =京都!A15 -> 198575 | S7: =京都!A16 -> 186200 | T7: =京都!A17 -> 183180 | U7: =京都!A18 -> 193300 | V7: =京都!A19 -> 201930 | W7: =京都!A20 -> 212910 | X7: =京都!A21 -> 182550 | Y7: =京都!A22 -> 198190 | Z7: =京都!A23 -> 225750 | AA7: =京都!A24 -> 208620 | AB7: =京都!A25 -> 200315 | AC7: =京都!A26 -> 209965 | AD7: =京都!A27 -> 192570 | AE7: =京都!A28 -> 177835 | AF7: =京都!A29 -> 163390 | AG7: =京都!A30 -> 188530 | AH7: =京都!A31 -> 201380 | AI7: =京都!A32 -> 184260 | AJ7: =京都!A33 -> 192460 | AK7: =京都!A34 -> 153360 | AL7: =SUM(G7:AK7) -> 5920879 | AM7: =京都!F35 -> 6315
A8: =RANK(C8,$C$3:$C$44,0) -> 36 | B8: =RANK(E8,$E$3:$E$44,0) -> 37 | C8: =IF(E8<1,0,E8/D8) -> 0.73553804 | D8: =SUM(G69:AK69) -> 1642879 | E8: =SUM(G8:AK8) -> 1208400 | F8: 洛西 | G8: =洛西!A4 -> 46739 | H8: =洛西!A5 -> 38332 | I8: =洛西!A6 -> 30537 | J8: =洛西!A7 -> 38649 | K8: =洛西!A8 -> 36013 | L8: =洛西!A9 -> 38577 | M8: =洛西!A10 -> 40101 | N8: =洛西!A11 -> 42514 | O8: =洛西!A12 -> 37717 | P8: =洛西!A13 -> 33758 | Q8: =洛西!A14 -> 38750 | R8: =洛西!A15 -> 36011 | S8: =洛西!A16 -> 40215 | T8: =洛西!A17 -> 43019 | U8: =洛西!A18 -> 34056 | V8: =洛西!A19 -> 40856 | W8: =洛西!A20 -> 38333 | X8: =洛西!A21 -> 42959 | Y8: =洛西!A22 -> 39686 | Z8: =洛西!A23 -> 34420 | AA8: =洛西!A24 -> 37979 | AB8: =洛西!A25 -> 40228 | AC8: =洛西!A26 -> 38821 | AD8: =洛西!A27 -> 43306 | AE8: =洛西!A28 -> 31555 | AF8: =洛西!A29 -> 43491 | AG8: =洛西!A30 -> 41392 | AH8: =洛西!A31 -> 43012 | AI8: =洛西!A32 -> 41939 | AJ8: =洛西!A33 -> 41833 | AK8: =洛西!A34 -> 33602 | AL8: =SUM(G8:AK8) -> 1208400 | AM8: =洛西!F35 -> 1777
A9: =RANK(C9,$C$3:$C$44,0) -> 9 | B9: =RANK(E9,$E$3:$E$44,0) -> 27 | C9: =IF(E9<1,0,E9/D9) -> 1.035485 | D9: =SUM(G70:AK70) -> 3418708 | E9: =SUM(G9:AK9) -> 3540021 | F9: 和歌山 | G9: =和歌山!A4 -> 130462 | H9: =和歌山!A5 -> 94184 | I9: =和歌山!A6 -> 90546 | J9: =和歌山!A7 -> 113488 | K9: =和歌山!A8 -> 113290 | L9: =和歌山!A9 -> 114623 | M9: =和歌山!A10 -> 140606 | N9: =和歌山!A11 -> 170271 | O9: =和歌山!A12 -> 98514 | P9: =和歌山!A13 -> 107347 | Q9: =和歌山!A14 -> 107915 | R9: =和歌山!A15 -> 112361 | S9: =和歌山!A16 -> 105303 | T9: =和歌山!A17 -> 132296 | U9: =和歌山!A18 -> 126264 | V9: =和歌山!A19 -> 94984 | W9: =和歌山!A20 -> 103390 | X9: =和歌山!A21 -> 102519 | Y9: =和歌山!A22 -> 100147 | Z9: =和歌山!A23 -> 124178 | AA9: =和歌山!A24 -> 109389 | AB9: =和歌山!A25 -> 135523 | AC9: =和歌山!A26 -> 88407 | AD9: =和歌山!A27 -> 97776 | AE9: =和歌山!A28 -> 178080 | AF9: =和歌山!A29 -> 100867 | AG9: =和歌山!A30 -> 110427 | AH9: =和歌山!A31 -> 122755 | AI9: =和歌山!A32 -> 132247 | AJ9: =和歌山!A33 -> 103829 | AK9: =和歌山!A34 -> 78033 | AL9: =SUM(G9:AK9) -> 3540021 | AM9: =和歌山!F35 -> 4652
A10: =RANK(C10,$C$3:$C$44,0) -> 7 | B10: =RANK(E10,$E$3:$E$44,0) -> 16 | C10: =IF(E10<1,0,E10/D10) -> 1.0590354 | D10: =SUM(G71:AK71) -> 4824904 | E10: =SUM(G10:AK10) -> 5109744 | F10: 守口 | G10: =守口!A4 -> 169250 | H10: =守口!A5 -> 138663 | I10: =守口!A6 -> 214281 | J10: =守口!A7 -> 139318 | K10: =守口!A8 -> 164564 | L10: =守口!A9 -> 159049 | M10: =守口!A10 -> 165787 | N10: =守口!A11 -> 153242 | O10: =守口!A12 -> 124172 | P10: =守口!A13 -> 237449 | Q10: =守口!A14 -> 146159 | R10: =守口!A15 -> 154447 | S10: =守口!A16 -> 154712 | T10: =守口!A17 -> 163935 | U10: =守口!A18 -> 146883 | V10: =守口!A19 -> 150166 | W10: =守口!A20 -> 237185 | X10: =守口!A21 -> 116690 | Y10: =守口!A22 -> 152688 | Z10: =守口!A23 -> 159334 | AA10: =守口!A24 -> 168183 | AB10: =守口!A25 -> 184882 | AC10: =守口!A26 -> 124012 | AD10: =守口!A27 -> 253838 | AE10: =守口!A28 -> 138981 | AF10: =守口!A29 -> 160286 | AG10: =守口!A30 -> 150605 | AH10: =守口!A31 -> 162425 | AI10: =守口!A32 -> 165942 | AJ10: =守口!A33 -> 136131 | AK10: =守口!A34 -> 216485 | AL10: =SUM(G10:AK10) -> 5109744 | AM10: =守口!F35 -> 3695
A11: =RANK(C11,$C$3:$C$44,0) -> 23 | B11: =RANK(E11,$E$3:$E$44,0) -> 30 | C11: =IF(E11<1,0,E11/D11) -> 0.95077112 | D11: =SUM(G72:AK72) -> 3401987 | E11: =SUM(G11:AK11) -> 3234511 | F11: 枚方 | G11: =枚方!A4 -> 81592 | H11: =枚方!A5 -> 109314 | I11: =枚方!A6 -> 126596 | J11: =枚方!A7 -> 105178 | K11: =枚方!A8 -> 124886 | L11: =枚方!A9 -> 103968 | M11: =枚方!A10 -> 98686 | N11: =枚方!A11 -> 90462 | O11: =枚方!A12 -> 108152 | P11: =枚方!A13 -> 140970 | Q11: =枚方!A14 -> 111800 | R11: =枚方!A15 -> 101126 | S11: =枚方!A16 -> 114292 | T11: =枚方!A17 -> 94374 | U11: =枚方!A18 -> 77344 | V11: =枚方!A19 -> 104494 | W11: =枚方!A20 -> 146538 | X11: =枚方!A21 -> 103410 | Y11: =枚方!A22 -> 89186 | Z11: =枚方!A23 -> 76382 | AA11: =枚方!A24 -> 100150 | AB11: =枚方!A25 -> 89224 | AC11: =枚方!A26 -> 97203 | AD11: =枚方!A27 -> 145664 | AE11: =枚方!A28 -> 82036 | AF11: =枚方!A29 -> 98540 | AG11: =枚方!A30 -> 120950 | AH11: =枚方!A31 -> 90280 | AI11: =枚方!A32 -> 74148 | AJ11: =枚方!A33 -> 109660 | AK11: =枚方!A34 -> 117906 | AL11: =SUM(G11:AK11) -> 3234511 | AM11: =枚方!F35 -> 4366
A12: =RANK(C12,$C$3:$C$44,0) -> 19 | B12: =RANK(E12,$E$3:$E$44,0) -> 3 | C12: =IF(E12<1,0,E12/D12) -> 0.97459849 | D12: =SUM(G73:AK73) -> 11260157 | E12: =SUM(G12:AK12) -> 10974132 | F12: なんば | G12: =なんば!A4 -> 420533 | H12: =なんば!A5 -> 308884 | I12: =なんば!A6 -> 300294 | J12: =なんば!A7 -> 311193 | K12: =なんば!A8 -> 338704 | L12: =なんば!A9 -> 337715 | M12: =なんば!A10 -> 432469 | N12: =なんば!A11 -> 393425 | O12: =なんば!A12 -> 321430 | P12: =なんば!A13 -> 345928 | Q12: =なんば!A14 -> 357960 | R12: =なんば!A15 -> 340854 | S12: =なんば!A16 -> 342406 | T12: =なんば!A17 -> 394468 | U12: =なんば!A18 -> 367778 | V12: =なんば!A19 -> 330119 | W12: =なんば!A20 -> 326630 | X12: =なんば!A21 -> 330981 | Y12: =なんば!A22 -> 345023 | Z12: =なんば!A23 -> 425793 | AA12: =なんば!A24 -> 418839 | AB12: =なんば!A25 -> 365919 | AC12: =なんば!A26 -> 289758 | AD12: =なんば!A27 -> 309654 | AE12: =なんば!A28 -> 321235 | AF12: =なんば!A29 -> 353632 | AG12: =なんば!A30 -> 360439 | AH12: =なんば!A31 -> 424654 | AI12: =なんば!A32 -> 429044 | AJ12: =なんば!A33 -> 330011 | AK12: =なんば!A34 -> 298360 | AL12: =SUM(G12:AK12) -> 10974132 | AM12: =なんば!F35 -> 11502
A13: =RANK(C13,$C$3:$C$44,0) -> 38 | B13: =RANK(E13,$E$3:$E$44,0) -> 38 | C13: =IF(E13<1,0,E13/D13) -> 0 | D13: =SUM(G74:AK74) -> 4632618 | E13: =SUM(G13:AK13) -> 0 | F13: 堺 | G13: =堺!A4 -> 0 | H13: =堺!A5 -> 0 | I13: =堺!A6 -> 0 | J13: =堺!A7 -> 0 | K13: =堺!A8 -> 0 | L13: =堺!A9 -> 0 | M13: =堺!A10 -> 0 | N13: =堺!A11 -> 0 | O13: =堺!A12 -> 0 | P13: =堺!A13 -> 0 | Q13: =堺!A14 -> 0 | R13: =堺!A15 -> 0 | S13: =堺!A16 -> 0 | T13: =堺!A17 -> 0 | U13: =堺!A18 -> 0 | V13: =堺!A19 -> 0 | W13: =堺!A20 -> 0 | X13: =堺!A21 -> 0 | Y13: =堺!A22 -> 0 | Z13: =堺!A23 -> 0 | AA13: =堺!A24 -> 0 | AB13: =堺!A25 -> 0 | AC13: =堺!A26 -> 0 | AD13: =堺!A27 -> 0 | AE13: =堺!A28 -> 0 | AF13: =堺!A29 -> 0 | AG13: =堺!A30 -> 0 | AH13: =堺!A31 -> 0 | AI13: =堺!A32 -> 0 | AJ13: =堺!A33 -> 0 | AK13: =堺!A34 -> 0 | AL13: =SUM(G13:AK13) -> 0 | AM13: =堺!F35 -> 0
A14: =RANK(C14,$C$3:$C$44,0) -> 5 | B14: =RANK(E14,$E$3:$E$44,0) -> 2 | C14: =IF(E14<1,0,E14/D14) -> 1.0718437 | D14: =SUM(G75:AK75) -> 10866553 | E14: =SUM(G14:AK14) -> 11647246 | F14: 泉北 | G14: =泉北!A4 -> 407639 | H14: =泉北!A5 -> 333663 | I14: =泉北!A6 -> 330200 | J14: =泉北!A7 -> 340463 | K14: =泉北!A8 -> 355880 | L14: =泉北!A9 -> 335987 | M14: =泉北!A10 -> 372151 | N14: =泉北!A11 -> 390125 | O14: =泉北!A12 -> 344494 | P14: =泉北!A13 -> 331886 | Q14: =泉北!A14 -> 357670 | R14: =泉北!A15 -> 369429 | S14: =泉北!A16 -> 346341 | T14: =泉北!A17 -> 413801 | U14: =泉北!A18 -> 379065 | V14: =泉北!A19 -> 333923 | W14: =泉北!A20 -> 371647 | X14: =泉北!A21 -> 372560 | Y14: =泉北!A22 -> 386780 | Z14: =泉北!A23 -> 428098 | AA14: =泉北!A24 -> 422684 | AB14: =泉北!A25 -> 386860 | AC14: =泉北!A26 -> 350600 | AD14: =泉北!A27 -> 373533 | AE14: =泉北!A28 -> 386470 | AF14: =泉北!A29 -> 377039 | AG14: =泉北!A30 -> 400543 | AH14: =泉北!A31 -> 433078 | AI14: =泉北!A32 -> 483335 | AJ14: =泉北!A33 -> 375161 | AK14: =泉北!A34 -> 356141 | AL14: =SUM(G14:AK14) -> 11647246 | AM14: =泉北!F35 -> 19547
A15: =RANK(C15,$C$3:$C$44,0) -> 17 | B15: =RANK(E15,$E$3:$E$44,0) -> 22 | C15: =IF(E15<1,0,E15/D15) -> 0.97824008 | D15: =SUM(G76:AK76) -> 4668031 | E15: =SUM(G15:AK15) -> 4566455 | F15: 岡山 | G15: =岡山!A4 -> 181345 | H15: =岡山!A5 -> 135489 | I15: =岡山!A6 -> 133532 | J15: =岡山!A7 -> 151150 | K15: =岡山!A8 -> 136140 | L15: =岡山!A9 -> 120209 | M15: =岡山!A10 -> 162435 | N15: =岡山!A11 -> 143908 | O15: =岡山!A12 -> 124240 | P15: =岡山!A13 -> 137791 | Q15: =岡山!A14 -> 133995 | R15: =岡山!A15 -> 140940 | S15: =岡山!A16 -> 143071 | T15: =岡山!A17 -> 182001 | U15: =岡山!A18 -> 163631 | V15: =岡山!A19 -> 138598 | W15: =岡山!A20 -> 132713 | X15: =岡山!A21 -> 116982 | Y15: =岡山!A22 -> 175367 | Z15: =岡山!A23 -> 176665 | AA15: =岡山!A24 -> 159412 | AB15: =岡山!A25 -> 155367 | AC15: =岡山!A26 -> 134201 | AD15: =岡山!A27 -> 150760 | AE15: =岡山!A28 -> 135347 | AF15: =岡山!A29 -> 141113 | AG15: =岡山!A30 -> 148998 | AH15: =岡山!A31 -> 154287 | AI15: =岡山!A32 -> 171682 | AJ15: =岡山!A33 -> 146795 | AK15: =岡山!A34 -> 138291 | AL15: =SUM(G15:AK15) -> 4566455 | AM15: =岡山!F35 -> 4719
A16: =RANK(C16,$C$3:$C$44,0) -> 15 | B16: =RANK(E16,$E$3:$E$44,0) -> 6 | C16: =IF(E16<1,0,E16/D16) -> 0.99848969 | D16: =SUM(G77:AK77) -> 9809268 | E16: =SUM(G16:AK16) -> 9794453 | F16: うめ阪 | G16: =うめ阪!A4 -> 303210 | H16: =うめ阪!A5 -> 295575 | I16: =うめ阪!A6 -> 274894 | J16: =うめ阪!A7 -> 331898 | K16: =うめ阪!A8 -> 337394 | L16: =うめ阪!A9 -> 321592 | M16: =うめ阪!A10 -> 327802 | N16: =うめ阪!A11 -> 308450 | O16: =うめ阪!A12 -> 322983 | P16: =うめ阪!A13 -> 314843 | Q16: =うめ阪!A14 -> 339098 | R16: =うめ阪!A15 -> 327908 | S16: =うめ阪!A16 -> 343773 | T16: =うめ阪!A17 -> 289716 | U16: =うめ阪!A18 -> 304840 | V16: =うめ阪!A19 -> 312740 | W16: =うめ阪!A20 -> 334761 | X16: =うめ阪!A21 -> 306662 | Y16: =うめ阪!A22 -> 315096 | Z16: =うめ阪!A23 -> 333685 | AA16: =うめ阪!A24 -> 317304 | AB16: =うめ阪!A25 -> 303830 | AC16: =うめ阪!A26 -> 294919 | AD16: =うめ阪!A27 -> 328777 | AE16: =うめ阪!A28 -> 312972 | AF16: =うめ阪!A29 -> 314991 | AG16: =うめ阪!A30 -> 320544 | AH16: =うめ阪!A31 -> 319916 | AI16: =うめ阪!A32 -> 290426 | AJ16: =うめ阪!A33 -> 329965 | AK16: =うめ阪!A34 -> 313889 | AL16: =SUM(G16:AK16) -> 9794453 | AM16: =うめ阪!F35 -> 8613
A17: =RANK(C17,$C$3:$C$44,0) -> 25 | B17: =RANK(E17,$E$3:$E$44,0) -> 15 | C17: =IF(E17<1,0,E17/D17) -> 0.94455235 | D17: =SUM(G78:AK78) -> 5538053 | E17: =SUM(G17:AK17) -> 5230981 | F17: 宝塚 | G17: =宝塚!A4 -> 154615 | H17: =宝塚!A5 -> 155570 | I17: =宝塚!A6 -> 147080 | J17: =宝塚!A7 -> 191100 | K17: =宝塚!A8 -> 170270 | L17: =宝塚!A9 -> 180235 | M17: =宝塚!A10 -> 168315 | N17: =宝塚!A11 -> 175146 | O17: =宝塚!A12 -> 137650 | P17: =宝塚!A13 -> 167815 | Q17: =宝塚!A14 -> 174070 | R17: =宝塚!A15 -> 216325 | S17: =宝塚!A16 -> 160670 | T17: =宝塚!A17 -> 157290 | U17: =宝塚!A18 -> 139743 | V17: =宝塚!A19 -> 145573 | W17: =宝塚!A20 -> 191530 | X17: =宝塚!A21 -> 206171 | Y17: =宝塚!A22 -> 184360 | Z17: =宝塚!A23 -> 166280 | AA17: =宝塚!A24 -> 157915 | AB17: =宝塚!A25 -> 163930 | AC17: =宝塚!A26 -> 150375 | AD17: =宝塚!A27 -> 180870 | AE17: =宝塚!A28 -> 166988 | AF17: =宝塚!A29 -> 196185 | AG17: =宝塚!A30 -> 180615 | AH17: =宝塚!A31 -> 187215 | AI17: =宝塚!A32 -> 183940 | AJ17: =宝塚!A33 -> 142515 | AK17: =宝塚!A34 -> 130625 | AL17: =SUM(G17:AK17) -> 5230981 | AM17: =宝塚!F35 -> 5432
A18: =RANK(C18,$C$3:$C$44,0) -> 27 | B18: =RANK(E18,$E$3:$E$44,0) -> 11 | C18: =IF(E18<1,0,E18/D18) -> 0.92296832 | D18: =SUM(G79:AK79) -> 7787354 | E18: =SUM(G18:AK18) -> 7187481 | F18: 神戸阪 | G18: =神戸阪!A4 -> 213465 | H18: =神戸阪!A5 -> 237585 | I18: =神戸阪!A6 -> 195830 | J18: =神戸阪!A7 -> 240985 | K18: =神戸阪!A8 -> 231990 | L18: =神戸阪!A9 -> 232690 | M18: =神戸阪!A10 -> 240680 | N18: =神戸阪!A11 -> 247870 | O18: =神戸阪!A12 -> 224815 | P18: =神戸阪!A13 -> 235290 | Q18: =神戸阪!A14 -> 233100 | R18: =神戸阪!A15 -> 215525 | S18: =神戸阪!A16 -> 233235 | T18: =神戸阪!A17 -> 251015 | U18: =神戸阪!A18 -> 215585 | V18: =神戸阪!A19 -> 219715 | W18: =神戸阪!A20 -> 237115 | X18: =神戸阪!A21 -> 236950 | Y18: =神戸阪!A22 -> 221305 | Z18: =神戸阪!A23 -> 220435 | AA18: =神戸阪!A24 -> 244305 | AB18: =神戸阪!A25 -> 238425 | AC18: =神戸阪!A26 -> 207135 | AD18: =神戸阪!A27 -> 239956 | AE18: =神戸阪!A28 -> 248315 | AF18: =神戸阪!A29 -> 234605 | AG18: =神戸阪!A30 -> 234955 | AH18: =神戸阪!A31 -> 260930 | AI18: =神戸阪!A32 -> 268055 | AJ18: =神戸阪!A33 -> 222570 | AK18: =神戸阪!A34 -> 203050 | AL18: =SUM(G18:AK18) -> 7187481 | AM18: =神戸阪!F35 -> 7141
A19: =RANK(C19,$C$3:$C$44,0) -> 26 | B19: =RANK(E19,$E$3:$E$44,0) -> 23 | C19: =IF(E19<1,0,E19/D19) -> 0.92671345 | D19: =SUM(G80:AK80) -> 4619838 | E19: =SUM(G19:AK19) -> 4281266 | F19: 千里 | G19: =千里!A4 -> 140120 | H19: =千里!A5 -> 138208 | I19: =千里!A6 -> 133801 | J19: =千里!A7 -> 142389 | K19: =千里!A8 -> 137655 | L19: =千里!A9 -> 136040 | M19: =千里!A10 -> 133670 | N19: =千里!A11 -> 136789 | O19: =千里!A12 -> 138140 | P19: =千里!A13 -> 133980 | Q19: =千里!A14 -> 140670 | R19: =千里!A15 -> 151500 | S19: =千里!A16 -> 141040 | T19: =千里!A17 -> 138740 | U19: =千里!A18 -> 154659 | V19: =千里!A19 -> 156300 | W19: =千里!A20 -> 146230 | X19: =千里!A21 -> 138200 | Y19: =千里!A22 -> 133929 | Z19: =千里!A23 -> 137680 | AA19: =千里!A24 -> 133375 | AB19: =千里!A25 -> 139820 | AC19: =千里!A26 -> 130460 | AD19: =千里!A27 -> 141110 | AE19: =千里!A28 -> 154425 | AF19: =千里!A29 -> 132790 | AG19: =千里!A30 -> 117650 | AH19: =千里!A31 -> 137996 | AI19: =千里!A32 -> 128000 | AJ19: =千里!A33 -> 138485 | AK19: =千里!A34 -> 117415 | AL19: =SUM(G19:AK19) -> 4281266 | AM19: =千里!F35 -> 4387
A20: =RANK(C20,$C$3:$C$44,0) -> 34 | B20: =RANK(E20,$E$3:$E$44,0) -> 19 | C20: =IF(E20<1,0,E20/D20) -> 0.84074826 | D20: =SUM(G81:AK81) -> 5619405 | E20: =SUM(G20:AK20) -> 4724505 | F20: 京橋 | G20: =京橋!A4 -> 124070 | H20: =京橋!A5 -> 143130 | I20: =京橋!A6 -> 193520 | J20: =京橋!A7 -> 141940 | K20: =京橋!A8 -> 137780 | L20: =京橋!A9 -> 135790 | M20: =京橋!A10 -> 136840 | N20: =京橋!A11 -> 136520 | O20: =京橋!A12 -> 123900 | P20: =京橋!A13 -> 199690 | Q20: =京橋!A14 -> 143460 | R20: =京橋!A15 -> 154290 | S20: =京橋!A16 -> 134910 | T20: =京橋!A17 -> 141230 | U20: =京橋!A18 -> 117860 | V20: =京橋!A19 -> 139970 | W20: =京橋!A20 -> 204990 | X20: =京橋!A21 -> 136110 | Y20: =京橋!A22 -> 148470 | Z20: =京橋!A23 -> 152660 | AA20: =京橋!A24 -> 145100 | AB20: =京橋!A25 -> 146450 | AC20: =京橋!A26 -> 141840 | AD20: =京橋!A27 -> 205490 | AE20: =京橋!A28 -> 156527 | AF20: =京橋!A29 -> 155318 | AG20: =京橋!A30 -> 146220 | AH20: =京橋!A31 -> 157886 | AI20: =京橋!A32 -> 157686 | AJ20: =京橋!A33 -> 170880 | AK20: =京橋!A34 -> 193978 | AL20: =SUM(G20:AK20) -> 4724505 | AM20: =京橋!F35 -> 5507
A21: =RANK(C21,$C$3:$C$44,0) -> 12 | B21: =RANK(E21,$E$3:$E$44,0) -> 18 | C21: =IF(E21<1,0,E21/D21) -> 1.0278242 | D21: =SUM(G82:AK82) -> 4803368 | E21: =SUM(G21:AK21) -> 4937018 | F21: 川西 | G21: =川西!A4 -> 184670 | H21: =川西!A5 -> 158445 | I21: =川西!A6 -> 134158 | J21: =川西!A7 -> 158360 | K21: =川西!A8 -> 166221 | L21: =川西!A9 -> 167713 | M21: =川西!A10 -> 174750 | N21: =川西!A11 -> 157664 | O21: =川西!A12 -> 149486 | P21: =川西!A13 -> 173620 | Q21: =川西!A14 -> 151690 | R21: =川西!A15 -> 168855 | S21: =川西!A16 -> 156138 | T21: =川西!A17 -> 152785 | U21: =川西!A18 -> 159485 | V21: =川西!A19 -> 152569 | W21: =川西!A20 -> 163664 | X21: =川西!A21 -> 142044 | Y21: =川西!A22 -> 160188 | Z21: =川西!A23 -> 162185 | AA21: =川西!A24 -> 147510 | AB21: =川西!A25 -> 164495 | AC21: =川西!A26 -> 155911 | AD21: =川西!A27 -> 160721 | AE21: =川西!A28 -> 163738 | AF21: =川西!A29 -> 164315 | AG21: =川西!A30 -> 164713 | AH21: =川西!A31 -> 160779 | AI21: =川西!A32 -> 157915 | AJ21: =川西!A33 -> 160956 | AK21: =川西!A34 -> 141275 | AL21: =SUM(G21:AK21) -> 4937018 | AM21: =川西!F35 -> 5132
A22: =RANK(C22,$C$3:$C$44,0) -> 2 | B22: =RANK(E22,$E$3:$E$44,0) -> 1 | C22: =IF(E22<1,0,E22/D22) -> 1.1965483 | D22: =SUM(G83:AK83) -> 9780171 | E22: =SUM(G22:AK22) -> 11702447 | F22: 名古屋 | G22: =名古屋!A4 -> 409328 | H22: =名古屋!A5 -> 338949 | I22: =名古屋!A6 -> 335007 | J22: =名古屋!A7 -> 373589 | K22: =名古屋!A8 -> 383940 | L22: =名古屋!A9 -> 410198 | M22: =名古屋!A10 -> 382858 | N22: =名古屋!A11 -> 389641 | O22: =名古屋!A12 -> 367462 | P22: =名古屋!A13 -> 381277 | Q22: =名古屋!A14 -> 376516 | R22: =名古屋!A15 -> 382826 | S22: =名古屋!A16 -> 378475 | T22: =名古屋!A17 -> 406951 | U22: =名古屋!A18 -> 400058 | V22: =名古屋!A19 -> 377756 | W22: =名古屋!A20 -> 367104 | X22: =名古屋!A21 -> 369783 | Y22: =名古屋!A22 -> 426228 | Z22: =名古屋!A23 -> 391405 | AA22: =名古屋!A24 -> 366301 | AB22: =名古屋!A25 -> 381828 | AC22: =名古屋!A26 -> 356597 | AD22: =名古屋!A27 -> 398523 | AE22: =名古屋!A28 -> 360447 | AF22: =名古屋!A29 -> 368857 | AG22: =名古屋!A30 -> 391688 | AH22: =名古屋!A31 -> 364411 | AI22: =名古屋!A32 -> 392411 | AJ22: =名古屋!A33 -> 341691 | AK22: =名古屋!A34 -> 330342 | AL22: =SUM(G22:AK22) -> 11702447 | AM22: =名古屋!F35 -> 9245
A23: =RANK(C23,$C$3:$C$44,0) -> 38 | B23: =RANK(E23,$E$3:$E$44,0) -> 38 | C23: =IF(E23<1,0,E23/D23) -> 0 | D23: =SUM(G84:AK84) -> 2967324 | E23: =SUM(G23:AK23) -> 0 | F23: くずは | G23: =くずは!A4 -> 0 | H23: =くずは!A5 -> 0 | I23: =くずは!A6 -> 0 | J23: =くずは!A7 -> 0 | K23: =くずは!A8 -> 0 | L23: =くずは!A9 -> 0 | M23: =くずは!A10 -> 0 | N23: =くずは!A11 -> 0 | O23: =くずは!A12 -> 0 | P23: =くずは!A13 -> 0 | Q23: =くずは!A14 -> 0 | R23: =くずは!A15 -> 0 | S23: =くずは!A16 -> 0 | T23: =くずは!A17 -> 0 | U23: =くずは!A18 -> 0 | V23: =くずは!A19 -> 0 | W23: =くずは!A20 -> 0 | X23: =くずは!A21 -> 0 | Y23: =くずは!A22 -> 0 | Z23: =くずは!A23 -> 0 | AA23: =くずは!A24 -> 0 | AB23: =くずは!A25 -> 0 | AC23: =くずは!A26 -> 0 | AD23: =くずは!A27 -> 0 | AE23: =くずは!A28 -> 0 | AF23: =くずは!A29 -> 0 | AG23: =くずは!A30 -> 0 | AH23: =くずは!A31 -> 0 | AI23: =くずは!A32 -> 0 | AJ23: =くずは!A33 -> 0 | AK23: =くずは!A34 -> 0 | AL23: =SUM(G23:AK23) -> 0 | AM23: =くずは!F35 -> 0
A24: =RANK(C24,$C$3:$C$44,0) -> 38 | B24: =RANK(E24,$E$3:$E$44,0) -> 38 | C24: =IF(E24<1,0,E24/D24) -> 0 | D24: =SUM(G85:AK85) -> 2833646 | E24: =SUM(G24:AK24) -> 0 | F24: 須磨 | G24: =須磨!A4 -> 0 | H24: =須磨!A5 -> 0 | I24: =須磨!A6 -> 0 | J24: =須磨!A7 -> 0 | K24: =須磨!A8 -> 0 | L24: =須磨!A9 -> 0 | M24: =須磨!A10 -> 0 | N24: =須磨!A11 -> 0 | O24: =須磨!A12 -> 0 | P24: =須磨!A13 -> 0 | Q24: =須磨!A14 -> 0 | R24: =須磨!A15 -> 0 | S24: =須磨!A16 -> 0 | T24: =須磨!A17 -> 0 | U24: =須磨!A18 -> 0 | V24: =須磨!A19 -> 0 | W24: =須磨!A20 -> 0 | X24: =須磨!A21 -> 0 | Y24: =須磨!A22 -> 0 | Z24: =須磨!A23 -> 0 | AA24: =須磨!A24 -> 0 | AB24: =須磨!A25 -> 0 | AC24: =須磨!A26 -> 0 | AD24: =須磨!A27 -> 0 | AE24: =須磨!A28 -> 0 | AF24: =須磨!A29 -> 0 | AG24: =須磨!A30 -> 0 | AH24: =須磨!A31 -> 0 | AI24: =須磨!A32 -> 0 | AJ24: =須磨!A33 -> 0 | AK24: =須磨!A34 -> 0 | AL24: =SUM(G24:AK24) -> 0 | AM24: =須磨!F35 -> 0
A25: =RANK(C25,$C$3:$C$44,0) -> 24 | B25: =RANK(E25,$E$3:$E$44,0) -> 28 | C25: =IF(E25<1,0,E25/D25) -> 0.94712037 | D25: =SUM(G86:AK86) -> 3595335 | E25: =SUM(G25:AK25) -> 3405215 | F25: 小倉 | G25: =小倉!A4 -> 135360 | H25: =小倉!A5 -> 101230 | I25: =小倉!A6 -> 97160 | J25: =小倉!A7 -> 111390 | K25: =小倉!A8 -> 123120 | L25: =小倉!A9 -> 106380 | M25: =小倉!A10 -> 123490 | N25: =小倉!A11 -> 124020 | O25: =小倉!A12 -> 98260 | P25: =小倉!A13 -> 102050 | Q25: =小倉!A14 -> 117920 | R25: =小倉!A15 -> 107040 | S25: =小倉!A16 -> 110630 | T25: =小倉!A17 -> 117385 | U25: =小倉!A18 -> 134630 | V25: =小倉!A19 -> 100040 | W25: =小倉!A20 -> 105580 | X25: =小倉!A21 -> 114460 | Y25: =小倉!A22 -> 107840 | Z25: =小倉!A23 -> 127030 | AA25: =小倉!A24 -> 111270 | AB25: =小倉!A25 -> 111640 | AC25: =小倉!A26 -> 90650 | AD25: =小倉!A27 -> 90500 | AE25: =小倉!A28 -> 93470 | AF25: =小倉!A29 -> 113540 | AG25: =小倉!A30 -> 100030 | AH25: =小倉!A31 -> 122990 | AI25: =小倉!A32 -> 134570 | AJ25: =小倉!A33 -> 82660 | AK25: =小倉!A34 -> 88880 | AL25: =SUM(G25:AK25) -> 3405215 | AM25: =小倉!F35 -> 3426
A26: =RANK(C26,$C$3:$C$44,0) -> 6 | B26: =RANK(E26,$E$3:$E$44,0) -> 26 | C26: =IF(E26<1,0,E26/D26) -> 1.0631473 | D26: =SUM(G87:AK87) -> 3569416 | E26: =SUM(G26:AK26) -> 3794815 | F26: 流山 | G26: =流山!A4 -> 124543 | H26: =流山!A5 -> 114701 | I26: =流山!A6 -> 112345 | J26: =流山!A7 -> 124163 | K26: =流山!A8 -> 122697 | L26: =流山!A9 -> 127959 | M26: =流山!A10 -> 127741 | N26: =流山!A11 -> 129424 | O26: =流山!A12 -> 120812 | P26: =流山!A13 -> 114620 | Q26: =流山!A14 -> 124977 | R26: =流山!A15 -> 116063 | S26: =流山!A16 -> 124540 | T26: =流山!A17 -> 136989 | U26: =流山!A18 -> 139217 | V26: =流山!A19 -> 111703 | W26: =流山!A20 -> 114839 | X26: =流山!A21 -> 123749 | Y26: =流山!A22 -> 114304 | Z26: =流山!A23 -> 122103 | AA26: =流山!A24 -> 137739 | AB26: =流山!A25 -> 118567 | AC26: =流山!A26 -> 109650 | AD26: =流山!A27 -> 124860 | AE26: =流山!A28 -> 134533 | AF26: =流山!A29 -> 124460 | AG26: =流山!A30 -> 123983 | AH26: =流山!A31 -> 121611 | AI26: =流山!A32 -> 113221 | AJ26: =流山!A33 -> 130202 | AK26: =流山!A34 -> 108500 | AL26: =SUM(G26:AK26) -> 3794815 | AM26: =流山!F35 -> 0
A27: =RANK(C27,$C$3:$C$44,0) -> 1 | B27: =RANK(E27,$E$3:$E$44,0) -> 24 | C27: =IF(E27<1,0,E27/D27) -> 1.2649396 | D27: =SUM(G88:AK88) -> 3308324 | E27: =SUM(G27:AK27) -> 4184830 | F27: 新宿 | G27: =新宿!A4 -> 159699 | H27: =新宿!A5 -> 107459 | I27: =新宿!A6 -> 111142 | J27: =新宿!A7 -> 120106 | K27: =新宿!A8 -> 134624 | L27: =新宿!A9 -> 130164 | M27: =新宿!A10 -> 144840 | N27: =新宿!A11 -> 160624 | O27: =新宿!A12 -> 134095 | P27: =新宿!A13 -> 135557 | Q27: =新宿!A14 -> 136983 | R27: =新宿!A15 -> 129118 | S27: =新宿!A16 -> 127109 | T27: =新宿!A17 -> 161945 | U27: =新宿!A18 -> 157825 | V27: =新宿!A19 -> 121197 | W27: =新宿!A20 -> 132039 | X27: =新宿!A21 -> 132491 | Y27: =新宿!A22 -> 132712 | Z27: =新宿!A23 -> 153355 | AA27: =新宿!A24 -> 156889 | AB27: =新宿!A25 -> 168770 | AC27: =新宿!A26 -> 120649 | AD27: =新宿!A27 -> 136893 | AE27: =新宿!A28 -> 110469 | AF27: =新宿!A29 -> 110766 | AG27: =新宿!A30 -> 126624 | AH27: =新宿!A31 -> 152564 | AI27: =新宿!A32 -> 143435 | AJ27: =新宿!A33 -> 122183 | AK27: =新宿!A34 -> 112504 | AL27: =SUM(G27:AK27) -> 4184830 | AM27: =新宿!F35 -> 6277
A28: =RANK(C28,$C$3:$C$44,0) -> 38 | B28: =RANK(E28,$E$3:$E$44,0) -> 38 | C28: =IF(E28<1,0,E28/D28) -> 0 | D28: =SUM(G89:AK89) -> 2982300 | E28: =SUM(G28:AK28) -> 0 | F28: 川崎 | G28: =川崎!A4 -> 0 | H28: =川崎!A5 -> 0 | I28: =川崎!A6 -> 0 | J28: =川崎!A7 -> 0 | K28: =川崎!A8 -> 0 | L28: =川崎!A9 -> 0 | M28: =川崎!A10 -> 0 | N28: =川崎!A11 -> 0 | O28: =川崎!A12 -> 0 | P28: =川崎!A13 -> 0 | Q28: =川崎!A14 -> 0 | R28: =川崎!A15 -> 0 | S28: =川崎!A16 -> 0 | T28: =川崎!A17 -> 0 | U28: =川崎!A18 -> 0 | V28: =川崎!A19 -> 0 | W28: =川崎!A20 -> 0 | X28: =川崎!A21 -> 0 | Y28: =川崎!A22 -> 0 | Z28: =川崎!A23 -> 0 | AA28: =川崎!A24 -> 0 | AB28: =川崎!A25 -> 0 | AC28: =川崎!A26 -> 0 | AD28: =川崎!A27 -> 0 | AE28: =川崎!A28 -> 0 | AF28: =川崎!A29 -> 0 | AG28: =川崎!A30 -> 0 | AH28: =川崎!A31 -> 0 | AI28: =川崎!A32 -> 0 | AJ28: =川崎!A33 -> 0 | AK28: =川崎!A34 -> 0 | AL28: =SUM(G28:AK28) -> 0 | AM28: =川崎!F35 -> 0
A29: =RANK(C29,$C$3:$C$44,0) -> 8 | B29: =RANK(E29,$E$3:$E$44,0) -> 32 | C29: =IF(E29<1,0,E29/D29) -> 1.0506585 | D29: =SUM(G90:AK90) -> 2930310 | E29: =SUM(G29:AK29) -> 3078755 | F29: 松山 | G29: =松山!A4 -> 113557 | H29: =松山!A5 -> 99434 | I29: =松山!A6 -> 89756 | J29: =松山!A7 -> 96035 | K29: =松山!A8 -> 97591 | L29: =松山!A9 -> 93428 | M29: =松山!A10 -> 102947 | N29: =松山!A11 -> 115996 | O29: =松山!A12 -> 88721 | P29: =松山!A13 -> 89282 | Q29: =松山!A14 -> 108319 | R29: =松山!A15 -> 104736 | S29: =松山!A16 -> 101187 | T29: =松山!A17 -> 108146 | U29: =松山!A18 -> 96029 | V29: =松山!A19 -> 97176 | W29: =松山!A20 -> 100475 | X29: =松山!A21 -> 99376 | Y29: =松山!A22 -> 97759 | Z29: =松山!A23 -> 104155 | AA29: =松山!A24 -> 115240 | AB29: =松山!A25 -> 107568 | AC29: =松山!A26 -> 92898 | AD29: =松山!A27 -> 87494 | AE29: =松山!A28 -> 86649 | AF29: =松山!A29 -> 92686 | AG29: =松山!A30 -> 98477 | AH29: =松山!A31 -> 106580 | AI29: =松山!A32 -> 116510 | AJ29: =松山!A33 -> 83976 | AK29: =松山!A34 -> 86572 | AL29: =SUM(G29:AK29) -> 3078755 | AM29: =松山!F35 -> 3640
A30: =RANK(C30,$C$3:$C$44,0) -> 18 | B30: =RANK(E30,$E$3:$E$44,0) -> 5 | C30: =IF(E30<1,0,E30/D30) -> 0.97668346 | D30: =SUM(G91:AK91) -> 10267776 | E30: =SUM(G30:AK30) -> 10028367 | F30: 東京 | G30: =東京!A4 -> 288413 | H30: =東京!A5 -> 268736 | I30: =東京!A6 -> 271476 | J30: =東京!A7 -> 255163 | K30: =東京!A8 -> 306058 | L30: =東京!A9 -> 354402 | M30: =東京!A10 -> 316419 | N30: =東京!A11 -> 353189 | O30: =東京!A12 -> 297818 | P30: =東京!A13 -> 320026 | Q30: =東京!A14 -> 315592 | R30: =東京!A15 -> 347945 | S30: =東京!A16 -> 298396 | T30: =東京!A17 -> 305082 | U30: =東京!A18 -> 327426 | V30: =東京!A19 -> 289683 | W30: =東京!A20 -> 323528 | X30: =東京!A21 -> 304244 | Y30: =東京!A22 -> 367383 | Z30: =東京!A23 -> 398224 | AA30: =東京!A24 -> 307612 | AB30: =東京!A25 -> 363353 | AC30: =東京!A26 -> 308574 | AD30: =東京!A27 -> 325276 | AE30: =東京!A28 -> 308927 | AF30: =東京!A29 -> 341101 | AG30: =東京!A30 -> 377814 | AH30: =東京!A31 -> 366305 | AI30: =東京!A32 -> 370150 | AJ30: =東京!A33 -> 335580 | AK30: =東京!A34 -> 314472 | AL30: =SUM(G30:AK30) -> 10028367 | AM30: =東京!F35 -> 7686
A31: =RANK(C31,$C$3:$C$44,0) -> 37 | B31: =RANK(E31,$E$3:$E$44,0) -> 12 | C31: =IF(E31<1,0,E31/D31) -> 0.65444584 | D31: =SUM(G92:AK92) -> 9858822 | E31: =SUM(G31:AK31) -> 6452065 | F31: 池東武 | G31: =池東武!A4 -> 197350 | H31: =池東武!A5 -> 218508 | I31: =池東武!A6 -> 169376 | J31: =池東武!A7 -> 207438 | K31: =池東武!A8 -> 204930 | L31: =池東武!A9 -> 244121 | M31: =池東武!A10 -> 232127 | N31: =池東武!A11 -> 234216 | O31: =池東武!A12 -> 208628 | P31: =池東武!A13 -> 188113 | Q31: =池東武!A14 -> 203760 | R31: =池東武!A15 -> 219448 | S31: =池東武!A16 -> 241168 | T31: =池東武!A17 -> 218724 | U31: =池東武!A18 -> 191520 | V31: =池東武!A19 -> 197912 | W31: =池東武!A20 -> 223010 | X31: =池東武!A21 -> 202894 | Y31: =池東武!A22 -> 198121 | Z31: =池東武!A23 -> 247218 | AA31: =池東武!A24 -> 251246 | AB31: =池東武!A25 -> 200940 | AC31: =池東武!A26 -> 155706 | AD31: =池東武!A27 -> 197297 | AE31: =池東武!A28 -> 209322 | AF31: =池東武!A29 -> 172840 | AG31: =池東武!A30 -> 246525 | AH31: =池東武!A31 -> 205077 | AI31: =池東武!A32 -> 206895 | AJ31: =池東武!A33 -> 184860 | AK31: =池東武!A34 -> 172775 | AL31: =SUM(G31:AK31) -> 6452065 | AM31: =池東武!F35 -> 6391
A32: =RANK(C32,$C$3:$C$44,0) -> 11 | B32: =RANK(E32,$E$3:$E$44,0) -> 10 | C32: =IF(E32<1,0,E32/D32) -> 1.0289615 | D32: =SUM(G93:AK93) -> 7018121 | E32: =SUM(G32:AK32) -> 7221376 | F32: 西宮 | G32: =西宮!A4 -> 243313 | H32: =西宮!A5 -> 200483 | I32: =西宮!A6 -> 188490 | J32: =西宮!A7 -> 214500 | K32: =西宮!A8 -> 299724 | L32: =西宮!A9 -> 226487 | M32: =西宮!A10 -> 251279 | N32: =西宮!A11 -> 262318 | O32: =西宮!A12 -> 213175 | P32: =西宮!A13 -> 219270 | Q32: =西宮!A14 -> 220628 | R32: =西宮!A15 -> 224057 | S32: =西宮!A16 -> 248066 | T32: =西宮!A17 -> 255894 | U32: =西宮!A18 -> 248931 | V32: =西宮!A19 -> 211714 | W32: =西宮!A20 -> 236837 | X32: =西宮!A21 -> 210829 | Y32: =西宮!A22 -> 245384 | Z32: =西宮!A23 -> 243455 | AA32: =西宮!A24 -> 275219 | AB32: =西宮!A25 -> 236325 | AC32: =西宮!A26 -> 216741 | AD32: =西宮!A27 -> 235176 | AE32: =西宮!A28 -> 252023 | AF32: =西宮!A29 -> 231318 | AG32: =西宮!A30 -> 248578 | AH32: =西宮!A31 -> 216943 | AI32: =西宮!A32 -> 227169 | AJ32: =西宮!A33 -> 203135 | AK32: =西宮!A34 -> 213915 | AL32: =SUM(G32:AK32) -> 7221376 | AM32: =西宮!F35 -> 6673
A33: =RANK(C33,$C$3:$C$44,0) -> 10 | B33: =RANK(E33,$E$3:$E$44,0) -> 9 | C33: =IF(E33<1,0,E33/D33) -> 1.0339358 | D33: =SUM(G94:AK94) -> 8074824 | E33: =SUM(G33:AK33) -> 8348850 | F33: 横浜 | G33: =横浜!A4 -> 289881 | H33: =横浜!A5 -> 236689 | I33: =横浜!A6 -> 207081 | J33: =横浜!A7 -> 257714 | K33: =横浜!A8 -> 315982 | L33: =横浜!A9 -> 304366 | M33: =横浜!A10 -> 276340 | N33: =横浜!A11 -> 270048 | O33: =横浜!A12 -> 272310 | P33: =横浜!A13 -> 269508 | Q33: =横浜!A14 -> 285348 | R33: =横浜!A15 -> 265964 | S33: =横浜!A16 -> 304127 | T33: =横浜!A17 -> 283882 | U33: =横浜!A18 -> 270019 | V33: =横浜!A19 -> 256100 | W33: =横浜!A20 -> 266897 | X33: =横浜!A21 -> 261507 | Y33: =横浜!A22 -> 279273 | Z33: =横浜!A23 -> 310611 | AA33: =横浜!A24 -> 291635 | AB33: =横浜!A25 -> 229269 | AC33: =横浜!A26 -> 270376 | AD33: =横浜!A27 -> 240261 | AE33: =横浜!A28 -> 244168 | AF33: =横浜!A29 -> 233364 | AG33: =横浜!A30 -> 298177 | AH33: =横浜!A31 -> 284373 | AI33: =横浜!A32 -> 241858 | AJ33: =横浜!A33 -> 276633 | AK33: =横浜!A34 -> 255089 | AL33: =SUM(G33:AK33) -> 8348850 | AM33: =横浜!F35 -> 6630
A34: =RANK(C34,$C$3:$C$44,0) -> 28 | B34: =RANK(E34,$E$3:$E$44,0) -> 34 | C34: =IF(E34<1,0,E34/D34) -> 0.91276749 | D34: =SUM(G95:AK95) -> 2788089 | E34: =SUM(G34:AK34) -> 2544877 | F34: あまがさき | G34: =あまが!A4 -> 104727 | H34: =あまが!A5 -> 74382 | I34: =あまが!A6 -> 70319 | J34: =あまが!A7 -> 78124 | K34: =あまが!A8 -> 80757 | L34: =あまが!A9 -> 73240 | M34: =あまが!A10 -> 98647 | N34: =あまが!A11 -> 113055 | O34: =あまが!A12 -> 74995 | P34: =あまが!A13 -> 73230 | Q34: =あまが!A14 -> 71351 | R34: =あまが!A15 -> 67386 | S34: =あまが!A16 -> 71696 | T34: =あまが!A17 -> 98307 | U34: =あまが!A18 -> 108755 | V34: =あまが!A19 -> 68838 | W34: =あまが!A20 -> 74780 | X34: =あまが!A21 -> 71583 | Y34: =あまが!A22 -> 66040 | Z34: =あまが!A23 -> 104009 | AA34: =あまが!A24 -> 89096 | AB34: =あまが!A25 -> 90249 | AC34: =あまが!A26 -> 70975 | AD34: =あまが!A27 -> 74657 | AE34: =あまが!A28 -> 62382 | AF34: =あまが!A29 -> 83447 | AG34: =あまが!A30 -> 80695 | AH34: =あまが!A31 -> 96807 | AI34: =あまが!A32 -> 109156 | AJ34: =あまが!A33 -> 75013 | AK34: =あまが!A34 -> 68179 | AL34: =SUM(G34:AK34) -> 2544877 | AM34: =あまが!F35 -> 3614
A35: =RANK(C35,$C$3:$C$44,0) -> 14 | B35: =RANK(E35,$E$3:$E$44,0) -> 29 | C35: =IF(E35<1,0,E35/D35) -> 1.0074452 | D35: =SUM(G96:AK96) -> 3345630 | E35: =SUM(G35:AK35) -> 3370539 | F35: 梅大丸 | G35: =梅大丸!A4 -> 105945 | H35: =梅大丸!A5 -> 90811 | I35: =梅大丸!A6 -> 98076 | J35: =梅大丸!A7 -> 101310 | K35: =梅大丸!A8 -> 107753 | L35: =梅大丸!A9 -> 111248 | M35: =梅大丸!A10 -> 129751 | N35: =梅大丸!A11 -> 124219 | O35: =梅大丸!A12 -> 96226 | P35: =梅大丸!A13 -> 98821 | Q35: =梅大丸!A14 -> 107077 | R35: =梅大丸!A15 -> 119644 | S35: =梅大丸!A16 -> 115811 | T35: =梅大丸!A17 -> 128361 | U35: =梅大丸!A18 -> 111187 | V35: =梅大丸!A19 -> 106894 | W35: =梅大丸!A20 -> 116257 | X35: =梅大丸!A21 -> 104147 | Y35: =梅大丸!A22 -> 110814 | Z35: =梅大丸!A23 -> 116269 | AA35: =梅大丸!A24 -> 134814 | AB35: =梅大丸!A25 -> 117377 | AC35: =梅大丸!A26 -> 90146 | AD35: =梅大丸!A27 -> 91507 | AE35: =梅大丸!A28 -> 97550 | AF35: =梅大丸!A29 -> 111509 | AG35: =梅大丸!A30 -> 113070 | AH35: =梅大丸!A31 -> 114726 | AI35: =梅大丸!A32 -> 112456 | AJ35: =梅大丸!A33 -> 89447 | AK35: =梅大丸!A34 -> 97316 | AL35: =SUM(G35:AK35) -> 3370539 | AM35: =梅大丸!F35 -> 3033
A36: =RANK(C36,$C$3:$C$44,0) -> 3 | B36: =RANK(E36,$E$3:$E$44,0) -> 25 | C36: =IF(E36<1,0,E36/D36) -> 1.1313925 | D36: =SUM(G97:AK97) -> 3478022 | E36: =SUM(G36:AK36) -> 3935008 | F36: 柏 | G36: =柏!A4 -> 110859 | H36: =柏!A5 -> 135632 | I36: =柏!A6 -> 118315 | J36: =柏!A7 -> 115748 | K36: =柏!A8 -> 150190 | L36: =柏!A9 -> 145936 | M36: =柏!A10 -> 121123 | N36: =柏!A11 -> 102070 | O36: =柏!A12 -> 135635 | P36: =柏!A13 -> 104594 | Q36: =柏!A14 -> 136475 | R36: =柏!A15 -> 123724 | S36: =柏!A16 -> 147738 | T36: =柏!A17 -> 134873 | U36: =柏!A18 -> 110920 | V36: =柏!A19 -> 116646 | W36: =柏!A20 -> 144800 | X36: =柏!A21 -> 145397 | Y36: =柏!A22 -> 123165 | Z36: =柏!A23 -> 116715 | AA36: =柏!A24 -> 111415 | AB36: =柏!A25 -> 130355 | AC36: =柏!A26 -> 120061 | AD36: =柏!A27 -> 138511 | AE36: =柏!A28 -> 145146 | AF36: =柏!A29 -> 111375 | AG36: =柏!A30 -> 145825 | AH36: =柏!A31 -> 111767 | AI36: =柏!A32 -> 128618 | AJ36: =柏!A33 -> 135145 | AK36: =柏!A34 -> 116235 | AL36: =SUM(G36:AK36) -> 3935008 | AM36: =柏!F35 -> 3886
A37: =RANK(C37,$C$3:$C$44,0) -> 21 | B37: =RANK(E37,$E$3:$E$44,0) -> 31 | C37: =IF(E37<1,0,E37/D37) -> 0.9550998 | D37: =SUM(G98:AK98) -> 3354172 | E37: =SUM(G37:AK37) -> 3203569 | F37: 神大丸 | G37: =神大丸!A4 -> 96690 | H37: =神大丸!A5 -> 99646 | I37: =神大丸!A6 -> 79335 | J37: =神大丸!A7 -> 99177 | K37: =神大丸!A8 -> 107521 | L37: =神大丸!A9 -> 93918 | M37: =神大丸!A10 -> 101482 | N37: =神大丸!A11 -> 100774 | O37: =神大丸!A12 -> 123188 | P37: =神大丸!A13 -> 101514 | Q37: =神大丸!A14 -> 106690 | R37: =神大丸!A15 -> 107909 | S37: =神大丸!A16 -> 105090 | T37: =神大丸!A17 -> 114005 | U37: =神大丸!A18 -> 105178 | V37: =神大丸!A19 -> 97324 | W37: =神大丸!A20 -> 104721 | X37: =神大丸!A21 -> 99902 | Y37: =神大丸!A22 -> 107658 | Z37: =神大丸!A23 -> 103606 | AA37: =神大丸!A24 -> 112665 | AB37: =神大丸!A25 -> 113629 | AC37: =神大丸!A26 -> 82299 | AD37: =神大丸!A27 -> 103365 | AE37: =神大丸!A28 -> 106111 | AF37: =神大丸!A29 -> 113029 | AG37: =神大丸!A30 -> 105634 | AH37: =神大丸!A31 -> 102588 | AI37: =神大丸!A32 -> 105074 | AJ37: =神大丸!A33 -> 99700 | AK37: =神大丸!A34 -> 104147 | AL37: =SUM(G37:AK37) -> 3203569 | AM37: =神大丸!F35 -> 3667
A38: =RANK(C38,$C$3:$C$44,0) -> 29 | B38: =RANK(E38,$E$3:$E$44,0) -> 20 | C38: =IF(E38<1,0,E38/D38) -> 0.91120073 | D38: =SUM(G99:AK99) -> 5103916 | E38: =SUM(G38:AK38) -> 4650692 | F38: 栄 | G38: =栄!A4 -> 154970 | H38: =栄!A5 -> 145090 | I38: =栄!A6 -> 129013 | J38: =栄!A7 -> 174651 | K38: =栄!A8 -> 184143 | L38: =栄!A9 -> 150246 | M38: =栄!A10 -> 140343 | N38: =栄!A11 -> 142495 | O38: =栄!A12 -> 150812 | P38: =栄!A13 -> 157459 | Q38: =栄!A14 -> 171317 | R38: =栄!A15 -> 158183 | S38: =栄!A16 -> 158845 | T38: =栄!A17 -> 142056 | U38: =栄!A18 -> 157699 | V38: =栄!A19 -> 139905 | W38: =栄!A20 -> 143918 | X38: =栄!A21 -> 147626 | Y38: =栄!A22 -> 130996 | Z38: =栄!A23 -> 152818 | AA38: =栄!A24 -> 165266 | AB38: =栄!A25 -> 156080 | AC38: =栄!A26 -> 142093 | AD38: =栄!A27 -> 168712 | AE38: =栄!A28 -> 132768 | AF38: =栄!A29 -> 142075 | AG38: =栄!A30 -> 153371 | AH38: =栄!A31 -> 159180 | AI38: =栄!A32 -> 165205 | AJ38: =栄!A33 -> 128621 | AK38: =栄!A34 -> 104736 | AL38: =SUM(G38:AK38) -> 4650692 | AM38: =栄!F35 -> 4050
A39: =RANK(C39,$C$3:$C$44,0) -> 4 | B39: =RANK(E39,$E$3:$E$44,0) -> 21 | C39: =IF(E39<1,0,E39/D39) -> 1.0741843 | D39: =SUM(G100:AK100) -> 4273477 | E39: =SUM(G39:AK39) -> 4590502 | F39: 上野 | G39: =上野!A4 -> 139056 | H39: =上野!A5 -> 136470 | I39: =上野!A6 -> 126349 | J39: =上野!A7 -> 117107 | K39: =上野!A8 -> 131896 | L39: =上野!A9 -> 144162 | M39: =上野!A10 -> 143282 | N39: =上野!A11 -> 146358 | O39: =上野!A12 -> 128842 | P39: =上野!A13 -> 128474 | Q39: =上野!A14 -> 158553 | R39: =上野!A15 -> 156166 | S39: =上野!A16 -> 166065 | T39: =上野!A17 -> 151897 | U39: =上野!A18 -> 132680 | V39: =上野!A19 -> 150960 | W39: =上野!A20 -> 148127 | X39: =上野!A21 -> 138947 | Y39: =上野!A22 -> 152448 | Z39: =上野!A23 -> 181807 | AA39: =上野!A24 -> 163723 | AB39: =上野!A25 -> 167315 | AC39: =上野!A26 -> 144999 | AD39: =上野!A27 -> 146687 | AE39: =上野!A28 -> 123023 | AF39: =上野!A29 -> 128246 | AG39: =上野!A30 -> 168744 | AH39: =上野!A31 -> 183647 | AI39: =上野!A32 -> 187134 | AJ39: =上野!A33 -> 172306 | AK39: =上野!A34 -> 125032 | AL39: =SUM(G39:AK39) -> 4590502 | AM39: =上野!F35 -> 4376
A40: =RANK(C40,$C$3:$C$44,0) -> 32 | B40: =RANK(E40,$E$3:$E$44,0) -> 17 | C40: =IF(E40<1,0,E40/D40) -> 0.87570262 | D40: =SUM(G101:AK101) -> 5681423 | E40: =SUM(G40:AK40) -> 4975237 | F40: はか阪 | G40: =はか阪!A4 -> 160615 | H40: =はか阪!A5 -> 130600 | I40: =はか阪!A6 -> 127573 | J40: =はか阪!A7 -> 163823 | K40: =はか阪!A8 -> 140463 | L40: =はか阪!A9 -> 141122 | M40: =はか阪!A10 -> 153947 | N40: =はか阪!A11 -> 169860 | O40: =はか阪!A12 -> 156164 | P40: =はか阪!A13 -> 166464 | Q40: =はか阪!A14 -> 203149 | R40: =はか阪!A15 -> 145909 | S40: =はか阪!A16 -> 175673 | T40: =はか阪!A17 -> 178237 | U40: =はか阪!A18 -> 187195 | V40: =はか阪!A19 -> 149535 | W40: =はか阪!A20 -> 142426 | X40: =はか阪!A21 -> 133741 | Y40: =はか阪!A22 -> 161355 | Z40: =はか阪!A23 -> 195895 | AA40: =はか阪!A24 -> 169715 | AB40: =はか阪!A25 -> 193344 | AC40: =はか阪!A26 -> 143395 | AD40: =はか阪!A27 -> 157368 | AE40: =はか阪!A28 -> 168916 | AF40: =はか阪!A29 -> 161160 | AG40: =はか阪!A30 -> 168785 | AH40: =はか阪!A31 -> 149965 | AI40: =はか阪!A32 -> 172044 | AJ40: =はか阪!A33 -> 157612 | AK40: =はか阪!A34 -> 149187 | AL40: =SUM(G40:AK40) -> 4975237 | AM40: =はか阪!F35 -> 5168
A41: =RANK(C41,$C$3:$C$44,0) -> 22 | B41: =RANK(E41,$E$3:$E$44,0) -> 14 | C41: =IF(E41<1,0,E41/D41) -> 0.95454476 | D41: =SUM(G102:AK102) -> 5997043 | E41: =SUM(G41:AK41) -> 5724446 | F41: 梅阪神 | G41: =梅阪神!A4 -> 163220 | H41: =梅阪神!A5 -> 152770 | I41: =梅阪神!A6 -> 149610 | J41: =梅阪神!A7 -> 167790 | K41: =梅阪神!A8 -> 171500 | L41: =梅阪神!A9 -> 215658 | M41: =梅阪神!A10 -> 197830 | N41: =梅阪神!A11 -> 188860 | O41: =梅阪神!A12 -> 151680 | P41: =梅阪神!A13 -> 183080 | Q41: =梅阪神!A14 -> 172720 | R41: =梅阪神!A15 -> 192190 | S41: =梅阪神!A16 -> 195046 | T41: =梅阪神!A17 -> 165800 | U41: =梅阪神!A18 -> 155840 | V41: =梅阪神!A19 -> 172220 | W41: =梅阪神!A20 -> 176890 | X41: =梅阪神!A21 -> 185090 | Y41: =梅阪神!A22 -> 187140 | Z41: =梅阪神!A23 -> 205332 | AA41: =梅阪神!A24 -> 201750 | AB41: =梅阪神!A25 -> 199570 | AC41: =梅阪神!A26 -> 163940 | AD41: =梅阪神!A27 -> 177980 | AE41: =梅阪神!A28 -> 207890 | AF41: =梅阪神!A29 -> 194910 | AG41: =梅阪神!A30 -> 273360 | AH41: =梅阪神!A31 -> 197440 | AI41: =梅阪神!A32 -> 190740 | AJ41: =梅阪神!A33 -> 182030 | AK41: =梅阪神!A34 -> 184570 | AL41: =SUM(G41:AK41) -> 5724446 | AM41: =梅阪神!F35 -> 3760
A42: =RANK(C42,$C$3:$C$44,0) -> 31 | B42: =RANK(E42,$E$3:$E$44,0) -> 35 | C42: =IF(E42<1,0,E42/D42) -> 0.88204287 | D42: =SUM(G103:AK103) -> 2722345 | E42: =SUM(G42:AK42) -> 2401225 | F42: 高槻 | G42: =高槻!A4 -> 82911 | H42: =高槻!A5 -> 69230 | I42: =高槻!A6 -> 60590 | J42: =高槻!A7 -> 76193 | K42: =高槻!A8 -> 75950 | L42: =高槻!A9 -> 75610 | M42: =高槻!A10 -> 81697 | N42: =高槻!A11 -> 81450 | O42: =高槻!A12 -> 80170 | P42: =高槻!A13 -> 73060 | Q42: =高槻!A14 -> 70180 | R42: =高槻!A15 -> 71670 | S42: =高槻!A16 -> 83480 | T42: =高槻!A17 -> 87700 | U42: =高槻!A18 -> 68639 | V42: =高槻!A19 -> 80250 | W42: =高槻!A20 -> 77490 | X42: =高槻!A21 -> 76360 | Y42: =高槻!A22 -> 83516 | Z42: =高槻!A23 -> 77950 | AA42: =高槻!A24 -> 89364 | AB42: =高槻!A25 -> 74158 | AC42: =高槻!A26 -> 90237 | AD42: =高槻!A27 -> 62260 | AE42: =高槻!A28 -> 68770 | AF42: =高槻!A29 -> 76480 | AG42: =高槻!A30 -> 82780 | AH42: =高槻!A32 -> 83710 | AI42: =高槻!A31 -> 82790 | AJ42: =高槻!A33 -> 81520 | AK42: =高槻!A34 -> 75060 | AL42: =SUM(G42:AK42) -> 2401225 | AM42: =高槻!F35 -> 2843
A43: =RANK(C43,$C$3:$C$44,0) -> 38 | B43: =RANK(E43,$E$3:$E$44,0) -> 38 | C43: =IF(E43<1,0,E43/D43) -> 0 | D43: =SUM(G104:AK104) -> 1372182 | E43: =SUM(G43:AK43) -> 0 | F43: イズミヤ | G43: =千里丘イズミヤ!A4 -> 0 | H43: =千里丘イズミヤ!A5 -> 0 | I43: =千里丘イズミヤ!A6 -> 0 | J43: =千里丘イズミヤ!A7 -> 0 | K43: =千里丘イズミヤ!A8 -> 0 | L43: =千里丘イズミヤ!A9 -> 0 | M43: =千里丘イズミヤ!A10 -> 0 | N43: =千里丘イズミヤ!A11 -> 0 | O43: =千里丘イズミヤ!A12 -> 0 | P43: =千里丘イズミヤ!A13 -> 0 | Q43: =千里丘イズミヤ!A14 -> 0 | R43: =千里丘イズミヤ!A15 -> 0 | S43: =千里丘イズミヤ!A16 -> 0 | T43: =千里丘イズミヤ!A17 -> 0 | U43: =千里丘イズミヤ!A18 -> 0 | V43: =千里丘イズミヤ!A19 -> 0 | W43: =千里丘イズミヤ!A20 -> 0 | X43: =千里丘イズミヤ!A21 -> 0 | Y43: =千里丘イズミヤ!A22 -> 0 | Z43: =千里丘イズミヤ!A23 -> 0 | AA43: =千里丘イズミヤ!A24 -> 0 | AB43: =千里丘イズミヤ!A25 -> 0 | AC43: =千里丘イズミヤ!A26 -> 0 | AD43: =千里丘イズミヤ!A27 -> 0 | AE43: =千里丘イズミヤ!A28 -> 0 | AF43: =千里丘イズミヤ!A29 -> 0 | AG43: =千里丘イズミヤ!A30 -> 0 | AH43: =千里丘イズミヤ!A31 -> 0 | AI43: =千里丘イズミヤ!A32 -> 0 | AJ43: =千里丘イズミヤ!A33 -> 0 | AK43: =千里丘イズミヤ!A34 -> 0 | AL43: =SUM(G43:AK43) -> 0 | AM43: =千里丘イズミヤ!F35 -> 0
A44: =RANK(C44,$C$3:$C$44,0) -> 30 | B44: =RANK(E44,$E$3:$E$44,0) -> 7 | C44: =IF(E44<1,0,E44/D44) -> 0.90259611 | D44: =SUM(G105:AK105) -> 9935383 | E44: =SUM(G44:AK44) -> 8967638 | F44: 伊勢丹 | G44: =伊勢丹!A4 -> 342820 | H44: =伊勢丹!A5 -> 217006 | I44: =伊勢丹!A6 -> 267605 | J44: =伊勢丹!A7 -> 249630 | K44: =伊勢丹!A8 -> 269442 | L44: =伊勢丹!A9 -> 260155 | M44: =伊勢丹!A10 -> 356325 | N44: =伊勢丹!A11 -> 352735 | O44: =伊勢丹!A12 -> 242700 | P44: =伊勢丹!A13 -> 255065 | Q44: =伊勢丹!A14 -> 287340 | R44: =伊勢丹!A15 -> 268635 | S44: =伊勢丹!A16 -> 259715 | T44: =伊勢丹!A17 -> 414630 | U44: =伊勢丹!A18 -> 339491 | V44: =伊勢丹!A19 -> 248880 | W44: =伊勢丹!A20 -> 262042 | X44: =伊勢丹!A21 -> 264960 | Y44: =伊勢丹!A22 -> 262044 | Z44: =伊勢丹!A23 -> 345912 | AA44: =伊勢丹!A24 -> 334857 | AB44: =伊勢丹!A25 -> 343048 | AC44: =伊勢丹!A26 -> 233574 | AD44: =伊勢丹!A27 -> 264688 | AE44: =伊勢丹!A28 -> 253719 | AF44: =伊勢丹!A29 -> 269060 | AG44: =伊勢丹!A30 -> 298030 | AH44: =伊勢丹!A31 -> 334040 | AI44: =伊勢丹!A32 -> 345385 | AJ44: =伊勢丹!A33 -> 284755 | AK44: =伊勢丹!A34 -> 239350 | AL44: =SUM(G44:AK44) -> 8967638 | AM44: =伊勢丹!F35 -> 8385
B45: 合計 | C45: =E45/D45 -> 0.90858296 | D45: =SUM(G106:AK106) -> 229265604 | E45: =SUM(G45:AK45) -> 208306820 | F45: 合計 | G45: =SUM(G3:G44) -> 6978304 | H45: =SUM(H3:H44) -> 6185873 | I45: =SUM(I3:I44) -> 5939492 | J45: =SUM(J3:J44) -> 6418456 | K45: =SUM(K3:K44) -> 6850836 | L45: =SUM(L3:L44) -> 6743234 | M45: =SUM(M3:M44) -> 7068351 | N45: =SUM(N3:N44) -> 7090789 | ... AJ45: =SUM(AJ3:AJ44) -> 6578707 | AK45: =SUM(AK3:AK43) -> 5797508
B46: 既存店計 | C46: =E46/D46 -> 0.97122909 | D46: =D45-D13-D23-D24-D28-D43 -> 214477534 | E46: =E45-E13-E23-E24-E28-E43 -> 208306820 | F46: 本年累計 | G46: =G45 -> 6978304 | H46: =G45+H45 -> 13164177 | I46: =I45+H46 -> 19103669 | J46: =J45+I46 -> 25522125 | K46: =K45+J46 -> 32372961 | L46: =L45+K46 -> 39116195 | M46: =M45+L46 -> 46184546 | N46: =N45+M46 -> 53275335 | O46: =O45+N46 -> 59535681 | P46: =P45+O46 -> 66211232 | ... AK46: =AK45+AJ46 -> 208306820
F47: 既存店計 | G47: =G45 -> 6978304 | H47: =H45 -> 6185873 | I47: =I45 -> 5939492 | J47: =J45 -> 6418456 | K47: =K45 -> 6850836 | L47: =L45 -> 6743234 | M47: =M45 -> 7068351 | N47: =N45 -> 7090789 | ... AK47: =AK45 -> 5797508
F48: 既存店累計 | G48: =G47 -> 6978304 | H48: =H47+G48 -> 13164177 | I48: =I47+H48 -> 19103669 | J48: =J47+I48 -> 25522125 | K48: =K47+J48 -> 32372961 | L48: =L47+K48 -> 39116195 | M48: =M47+L48 -> 46184546 | N48: =N47+M48 -> 53275335 | O48: =O47+N48 -> 59535681 | ... AK48: =AK47+AJ48 -> 208306820
F50: 前年対比日付 | G50: 45718 | H50: 45719 | I50: 45720 | J50: 45721 | K50: 45722 | L50: 45723 | M50: 45724 | N50: 45725 | O50: 45726 | P50: 45727 | Q50: 45728 | R50: 45729 | S50: 45730 | T50: 45731 | U50: 45732 | V50: 45733 | W50: 45734 | X50: 45735 | Y50: 45736 | Z50: 45737 | AA50: 45738 | AB50: 45739 | AC50: 45740 | AD50: 45741 | AE50: 45742 | AF50: 45743 | AG50: 45744 | AH50: 45745 | AI50: 45746 | AJ50: 45747 | AK50: 45717
F51: 既存店前年売上 | G51: =H107 -> 6736128 | H51: =I107 -> 5948304 | I51: =J107 -> 6054478 | J51: =K107 -> 6313674 | K51: =L107 -> 6965202 | L51: =M107 -> 6933313 | M51: =N107 -> 7211633 | N51: =O107 -> 7214313 | ... AJ51: =AK107 -> 6666855 | AK51: =I107 -> 5948304
F52: 全店前年売上 | G52: =H106 -> 7191964 | H52: =I106 -> 6378815 | I52: =J106 -> 6478736 | J52: =K106 -> 6817136 | K52: =L106 -> 7456580 | L52: =M106 -> 7449363 | M52: =N106 -> 7712139 | N52: =O106 -> 7725250 | ... AJ52: =AK106 -> 7122191 | AK52: =G106 -> 7756174
F53: 既存店前年累計 | G53: =G51 -> 6736128 | H53: =G51+H51 -> 12684432 | I53: =H53+I51 -> 18738910 | J53: =I53+J51 -> 25052584 | K53: =J53+K51 -> 32017786 | L53: =K53+L51 -> 38951099 | M53: =L53+M51 -> 46162732 | N53: =M53+N51 -> 53377045 | O53: =N53+O51 -> 60217531 | P53: =O53+P51 -> 66755304 | ... AK53: =AJ53+AK51 -> 213174882
F54: 全店前年累計 | G54: =G52 -> 7191964 | H54: =G52+H52 -> 13570779 | I54: =H54+I52 -> 20049515 | J54: =I54+J52 -> 26866651 | K54: =J54+K52 -> 34323231 | L54: =K54+L52 -> 41772594 | M54: =L54+M52 -> 49484733 | N54: =M54+N52 -> 57209983 | O54: =N54+O52 -> 64509938 | P54: =O54+P52 -> 71430305 | ... AK54: =AJ54+AK52 -> 229265604
F57: 単日前比 | G57: =IF(G45>0,(G45)/SUMIF(G3:G44,">0",H64:H105),"") -> 1.0359518 | H57: =IF(H45>0,(H45)/SUMIF(H3:H44,">0",I64:I105),"") -> 1.0399389 | I57: =IF(I45>0,(I45)/SUMIF(I3:I44,">0",J64:J105),"") -> 0.98100811 | J57: =IF(J45>0,(J45)/SUMIF(J3:J44,">0",K64:K105),"") -> 1.016596 | K57: =IF(K45>0,(K45)/SUMIF(K3:K44,">0",L64:L105),"") -> 0.98358038 | L57: =IF(L45>0,(L45)/SUMIF(L3:L44,">0",M64:M105),"") -> 0.97258468 | M57: =IF(M45>0,(M45)/SUMIF(M3:M44,">0",N64:N105),"") -> 0.98013182 | N57: =IF(N45>0,(N45)/SUMIF(N3:N44,">0",O64:O105),"") -> 0.98287793 | ... AJ57: =IF(AJ45>0,(AJ45)/SUMIF(AJ3:AJ44,">0",AK64:AK105),"") -> 0.98677817 | AK57: =IF(AK45>0,(AK45)/SUMIF(AK3:AK44,">0",J64:J105),"") -> 0.95755703
F58: 既存店累計前比 | G58: =G48/G53 -> 1.0359518 | H58: =H48/H53 -> 1.0378216 | I58: =I48/I53 -> 1.0194653 | J58: =J48/J53 -> 1.0187422 | K58: =K48/K53 -> 1.0110931 | L58: =L48/L53 -> 1.0042385 | M58: =M48/M53 -> 1.0004725 | N58: =N48/N53 -> 0.9980945 | ... AI58: =AI48/AI53 -> 0.976919 | AJ58: =AJ46/AJ53 -> 0.97723619 | AK58: =AK46/AK53 -> 0.977164
F59: 全店累計前比 | G59: =G46/G54 -> 0.97029184 | H59: =H46/H54 -> 0.97003842 | I59: =I46/I54 -> 0.95282449 | J59: =J46/J54 -> 0.94995558 | K59: =K46/K54 -> 0.9431793 | L59: =L46/L54 -> 0.93640809 | M59: =M46/M54 -> 0.93330899 | N59: =N46/N54 -> 0.93122445 | ... AK59: =AK46/AK54 -> 0.90858296
G61: =G46-G54 -> -213660 | H61: =H46-H54 -> -406602 | I61: =I46-I54 -> -945846 | J61: =J46-J54 -> -1344526 | K61: =K46-K54 -> -1950270 | L61: =L46-L54 -> -2656399 | M61: =M46-M54 -> -3300187 | N61: =N46-N54 -> -3934648 | ... AK61: =AK46-AK54 -> -20958784
H62: =H61-G61 -> -192942 | I62: =I61-H61 -> -539244 | J62: =J61-I61 -> -398680 | K62: =K61-J61 -> -605744 | L62: =L61-K61 -> -706129 | M62: =M61-L61 -> -643788 | N62: =N61-M61 -> -634461 | O62: =O61-N61 -> -1039609 | ... AK62: =AK61-AJ61 -> -1958666
E63: 累計 | F63: 45717 | G63: 1日 | H63: 2日 | I63: 3日 | J63: 4日 | K63: 5日 | L63: 6日 | M63: 7日 | N63: 8日 | O63: 9日 | P63: 10日 | Q63: 11日 | R63: 12日 | S63: 13日 | T63: 14日 | U63: 15日 | V63: 16日 | W63: 17日 | X63: 18日 | Y63: 19日 | Z63: 20日 | AA63: 21日 | AB63: 22日 | AC63: 23日 | AD63: 24日 | AE63: 25日 | AF63: 26日 | AG63: 27日 | AH63: 28日 | AI63: 29日 | AJ63: 30日 | AK63: 31日
E64: =SUM(G64:K64) -> 1487132 | F64: あべの | G64: 326513 | H64: 298361 | I64: 281538 | J64: 273581 | K64: 307139 | L64: 380755 | M64: 364076 | N64: 378393 | O64: 334872 | P64: 321893 | Q64: 327076 | R64: 352709 | S64: 345715 | T64: 351680 | U64: 321326 | V64: 342473 | W64: 358353 | X64: 356012 | Y64: 377279 | Z64: 394091 | AA64: 362043 | AB64: 374522 | AC64: 347630 | AD64: 312180 | AE64: 330420 | AF64: 327663 | AG64: 347031 | AH64: 330966 | AI64: 338812 | AJ64: 324183 | AK64: 316632
E65: =SUM(G65:K65) -> 1370713 | F65: 上本町 | G65: 286753 | H65: 265679 | I65: 226022 | J65: 340596 | K65: 251663 | L65: 276874 | M65: 274567 | N65: 270117 | O65: 280828 | P65: 251976 | Q65: 259383 | R65: 413657 | S65: 290296 | T65: 299712 | U65: 301922 | V65: 254553 | W65: 357461 | X65: 244138 | Y65: 269324 | Z65: 337308 | AA65: 252984 | AB65: 292753 | AC65: 291090 | AD65: 373166 | AE65: 240798 | AF65: 264934 | AG65: 265281 | AH65: 250341 | AI65: 281978 | AJ65: 263790 | AK65: 363526
E66: =SUM(G66:K66) -> 409298 | F66: 東大阪 | G66: 83904 | H66: 90942 | I66: 74167 | J66: 77924 | K66: 82361 | L66: 83662 | M66: 86659 | N66: 83163 | O66: 87312 | P66: 76727 | Q66: 80946 | R66: 84319 | S66: 84449 | T66: 83069 | U66: 94182 | V66: 74473 | W66: 83127 | X66: 79265 | Y66: 83137 | Z66: 93345 | AA66: 81798 | AB66: 89885 | AC66: 90959 | AD66: 61334 | AE66: 85343 | AF66: 92756 | AG66: 83001 | AH66: 79811 | AI66: 87844 | AJ66: 90750 | AK66: 77075
E67: =SUM(G67:K67) -> 518991 | F67: 橿原 | G67: 108636 | H67: 108636 | I67: 103326 | J67: 92769 | K67: 105624 | L67: 102441 | M67: 98839 | N67: 114592 | O67: 117519 | P67: 106540 | Q67: 95277 | R67: 118480 | S67: 106909 | T67: 101458 | U67: 106001 | V67: 109321 | W67: 101592 | X67: 107145 | Y67: 123356 | Z67: 119319 | AA67: 102478 | AB67: 101985 | AC67: 112064 | AD67: 99880 | AE67: 94859 | AF67: 129159 | AG67: 93922 | AH67: 100668 | AI67: 109541 | AJ67: 113269 | AK67: 87121
E68: =SUM(G68:K68) -> 859197 | F68: 京都 | G68: 199638 | H68: 157735 | I68: 167590 | J68: 173940 | K68: 160294 | L68: 186840 | M68: 183230 | N68: 185950 | O68: 173970 | P68: 233650 | Q68: 154961 | R68: 219930 | S68: 202860 | T68: 198232 | U68: 227221 | V68: 196997 | W68: 181331 | X68: 208690 | Y68: 181140 | Z68: 217490 | AA68: 220630 | AB68: 203955 | AC68: 196633 | AD68: 191340 | AE68: 180445 | AF68: 161670 | AG68: 178992 | AH68: 166370 | AI68: 201435 | AJ68: 176239 | AK68: 165230
E69: =SUM(G69:K69) -> 254339 | F69: 洛西 | G69: 59878 | H69: 55765 | I69: 48733 | J69: 45050 | K69: 44913 | L69: 51810 | M69: 53649 | N69: 67942 | O69: 64514 | P69: 49468 | Q69: 47434 | R69: 53367 | S69: 48840 | T69: 49452 | U69: 63303 | V69: 55995 | W69: 52293 | X69: 50704 | Y69: 39219 | Z69: 52259 | AA69: 47388 | AB69: 58810 | AC69: 54430 | AD69: 46048 | AE69: 48957 | AF69: 56696 | AG69: 49557 | AH69: 44541 | AI69: 65905 | AJ69: 72645 | AK69: 43314
E70: =SUM(G70:K70) -> 515372 | F70: 和歌山 | G70: 114004 | H70: 117556 | I70: 97808 | J70: 80430 | K70: 105574 | L70: 105828 | M70: 98090 | N70: 124074 | O70: 145737 | P70: 115105 | Q70: 93630 | R70: 111995 | S70: 107119 | T70: 100607 | U70: 118712 | V70: 120083 | W70: 100060 | X70: 96607 | Y70: 98821 | Z70: 115761 | AA70: 96661 | AB70: 116770 | AC70: 113969 | AD70: 91905 | AE70: 101345 | AF70: 218391 | AG70: 98595 | AH70: 95627 | AI70: 108001 | AJ70: 120362 | AK70: 89481
E71: =SUM(G71:K71) -> 751498 | F71: 守口 | G71: 151610 | H71: 176120 | I71: 115666 | J71: 176542 | K71: 131560 | L71: 163580 | M71: 154640 | N71: 151470 | O71: 156980 | P71: 145740 | Q71: 170110 | R71: 149740 | S71: 156742 | T71: 165240 | U71: 142080 | V71: 147150 | W71: 120460 | X71: 211110 | Y71: 122580 | Z71: 173640 | AA71: 151195 | AB71: 168860 | AC71: 193725 | AD71: 122680 | AE71: 220120 | AF71: 112670 | AG71: 156050 | AH71: 149808 | AI71: 171891 | AJ71: 154675 | AK71: 140470
E72: =SUM(G72:K72) -> 523640 | F72: 枚方 | G72: 90470 | H72: 79690 | I72: 102470 | J72: 140380 | K72: 110630 | L72: 125310 | M72: 116620 | N72: 98850 | O72: 89875 | P72: 118535 | Q72: 140370 | R72: 123060 | S72: 109572 | T72: 136090 | U72: 95020 | V72: 82330 | W72: 105800 | X72: 145980 | Y72: 114290 | Z72: 91634 | AA72: 123101 | AB72: 102951 | AC72: 80430 | AD72: 107020 | AE72: 161620 | AF72: 112550 | AG72: 106400 | AH72: 95075 | AI72: 95884 | AJ72: 87220 | AK72: 112760
E73: =SUM(G73:K73) -> 1672323 | F73: なんば | G73: 389545 | H73: 371615 | I73: 315137 | J73: 278040 | K73: 317986 | L73: 334081 | M73: 329434 | N73: 385543 | O73: 414250 | P73: 382231 | Q73: 335045 | R73: 357920 | S73: 343345 | T73: 356372 | U73: 422390 | V73: 375630 | W73: 312866 | X73: 331544 | Y73: 348802 | Z73: 442162 | AA73: 389815 | AB73: 432042 | AC73: 442624 | AD73: 326498 | AE73: 327124 | AF73: 360638 | AG73: 343041 | AH73: 348956 | AI73: 397510 | AJ73: 434290 | AK73: 313681
E74: =SUM(G74:K74) -> 732874 | F74: 堺 | G74: 152918 | H74: 128636 | I74: 118004 | J74: 134537 | K74: 198779 | L74: 142643 | M74: 162727 | N74: 157216 | O74: 138086 | P74: 145067 | Q74: 135385 | R74: 160249 | S74: 167450 | T74: 162070 | U74: 145549 | V74: 126468 | W74: 144056 | X74: 156629 | Y74: 154777 | Z74: 158056 | AA74: 168304 | AB74: 159692 | AC74: 141203 | AD74: 137867 | AE74: 145503 | AF74: 168112 | AG74: 146189 | AH74: 141034 | AI74: 138703 | AJ74: 149966 | AK74: 146743
E75: =SUM(G75:K75) -> 1613800 | F75: 泉北 | G75: 379472 | H75: 375678 | I75: 298042 | J75: 263064 | K75: 297544 | L75: 322962 | M75: 312032 | N75: 334436 | O75: 382184 | P75: 320342 | Q75: 320173 | R75: 348110 | S75: 375594 | T75: 330580 | U75: 408725 | V75: 393739 | W75: 307762 | X75: 339889 | Y75: 344092 | Z75: 392754 | AA75: 331419 | AB75: 379622 | AC75: 380389 | AD75: 319269 | AE75: 330002 | AF75: 378786 | AG75: 365737 | AH75: 346726 | AI75: 407161 | AJ75: 434658 | AK75: 345610
... E104: =SUM(G104:K104) -> 233151 | F104: 千里丘イズミヤ | G104: 57879 | H104: 50184 | I104: 45842 | J104: 37326 | K104: 41920 | L104: 47689 | M104: 49492 | N104: 53401 | O104: 55366 | P104: 45161 | Q104: 45500 | R104: 52066 | S104: 45204 | T104: 48827 | U104: 46551 | V104: 45935 | W104: 46279 | X104: 43050 | Y104: 38845 | Z104: 44585 | AA104: 40318 | AB104: 45632 | AC104: 47056 | AD104: 38238 | AE104: 40022 | AF104: 42441 | AG104: 38129 | AH104: 31585 | AI104: 39756 | AJ104: 39273 | AK104: 28630
F105: 伊勢丹 | G105: 351396 | H105: 316938 | I105: 286506 | J105: 265406 | K105: 312990 | L105: 318974 | M105: 298477 | N105: 378948 | O105: 379620 | P105: 338783 | Q105: 286280 | R105: 325598 | S105: 318248 | T105: 345225 | U105: 367048 | V105: 357180 | W105: 319608 | X105: 320021 | Y105: 305822 | Z105: 363449 | AA105: 324146 | AB105: 358696 | AC105: 341909 | AD105: 270532 | AE105: 293736 | AF105: 261537 | AG105: 287804 | AH105: 281083 | AI105: 342697 | AJ105: 337418 | AK105: 279308
E106: =SUM(G106:K106) -> 34622825 | F106: 合計 | G106: =SUM(G64:G105) -> 7756174 | H106: =SUM(H64:H105) -> 7191964 | I106: =SUM(I64:I105) -> 6378815 | J106: =SUM(J64:J105) -> 6478736 | K106: =SUM(K64:K105) -> 6817136 | L106: =SUM(L64:L105) -> 7456580 | M106: =SUM(M64:M105) -> 7449363 | N106: =SUM(N64:N105) -> 7712139 | ... AK106: =SUM(AK64:AK105) -> 7122191
F107: 既存店合計 | G107: =G106-G74-G84-G85-G89-G104 -> 7250956 | H107: =H106-H74-H84-H85-H89-H104 -> 6736128 | I107: =I106-I74-I84-I85-I89-I104 -> 5948304 | J107: =J106-J74-J84-J85-J89-J104 -> 6054478 | K107: =K106-K74-K84-K85-K89-K104 -> 6313674 | L107: =L106-L74-L84-L85-L89-L104 -> 6965202 | M107: =M106-M74-M84-M85-M89-M104 -> 6933313 | N107: =N106-N74-N84-N85-N89-N104 -> 7211633 | ... AK107: =AK106-AK74-AK84-AK85-AK89-AK104 -> 6666855
G109: =G3-G64 -> 34791 | H109: =H3-H64 -> -23235 | I109: =I3-I64 -> -24578 | J109: =J3-J64 -> 61147 | K109: =K3-K64 -> 50805 | L109: =L3-L64 -> -51630 | M109: =M3-M64 -> -6688 | N109: =N3-N64 -> -10446 | ... AK109: =AK3-AK64 -> -77119
H110: =G109+H109 -> 11556 | I110: =I109+H110 -> -13022 | J110: =J109+I110 -> 48125 | K110: =K109+J110 -> 98930 | L110: =L109+K110 -> 47300 | M110: =M109+L110 -> 40612 | N110: =N109+M110 -> 30166 | O110: =O109+N110 -> -11261 | P110: =P109+O110 -> 4112 | ... AK110: =AK109+AJ110 -> -381584

Sheet 時間別
C1: 12：00 | E1: 15：00 | G1: 17：00 | I1: からすかれい煮付
A3: 日付 | C3: 客数 | D3: 合計 | E3: 客数 | F3: 合計 | G3: 客数 | H3: 合計 | I3: 製造数量 | J3: 廃棄数量
A4: 46082 | B4: 日 | C4: =あべの!AA4+上本町!AA4+東大阪!AA4+橿原!AA4+京都!AA4+洛西!AA4+和歌山!AA4+守口!AA4+枚方!AA4+なんば!AA4+堺!AA4+泉北!AA4+岡山!AA4+うめ阪!AA4+宝塚!AA4+神戸阪!AA4+千里!AA4+京橋!AA4+川西!AA4+須磨!AA4+名古屋!AA4+小倉!AA4+くずは!AA4+流山!AA4+新宿!AA4+川崎!AA4+松山!AA4+東京!AA4+池東武!AA4+西宮!AA4+横浜!AA4+あまが!AA4+梅大丸!AA4+柏!AA4+神大丸!AA4+栄!AA4+上野!AA4+はか阪!AA4+高槻!AA4+梅阪神!AA4 -> 1154 | D4: =あべの!AB4+上本町!AB4+東大阪!AB4+橿原!AB4+京都!AB4+洛西!AB4+和歌山!AB4+守口!AB4+枚方!AB4+なんば!AB4+堺!AB4+泉北!AB4+岡山!AB4+うめ阪!AB4+宝塚!AB4+神戸阪!AB4+千里!AB4+京橋!AB4+川西!AB4+須磨!AB4+名古屋!AB4+小倉!AB4+くずは!AB4+流山!AB4+新宿!AB4+川崎!AB4+松山!AB4+東京!AB4+池東武!AB4+西宮!AB4+横浜!AB4+あまが!AB4+梅大丸!AB4+柏!AB4+神大丸!AB4+栄!AB4+上野!AB4+はか阪!AB4+高槻!AB4+梅阪神!AB4 -> 1309286 | E4: =あべの!AC4+上本町!AC4+東大阪!AC4+橿原!AC4+京都!AC4+洛西!AC4+和歌山!AC4+守口!AC4+枚方!AC4+なんば!AC4+堺!AC4+泉北!AC4+岡山!AC4+うめ阪!AC4+宝塚!AC4+神戸阪!AC4+千里!AC4+京橋!AC4+川西!AC4+須磨!AC4+名古屋!AC4+小倉!AC4+くずは!AC4+流山!AC4+新宿!AC4+川崎!AC4+松山!AC4+東京!AC4+池東武!AC4+西宮!AC4+横浜!AC4+あまが!AC4+梅大丸!AC4+柏!AC4+神大丸!AC4+栄!AC4+上野!AC4+はか阪!AC4+高槻!AC4+梅阪神!AC4 -> 2970 | F4: =あべの!AD4+上本町!AD4+東大阪!AD4+橿原!AD4+京都!AD4+洛西!AD4+和歌山!AD4+守口!AD4+枚方!AD4+なんば!AD4+堺!AD4+泉北!AD4+岡山!AD4+うめ阪!AD4+宝塚!AD4+神戸阪!AD4+千里!AD4+京橋!AD4+川西!AD4+須磨!AD4+名古屋!AD4+小倉!AD4+くずは!AD4+流山!AD4+新宿!AD4+川崎!AD4+松山!AD4+東京!AD4+池東武!AD4+西宮!AD4+横浜!AD4+あまが!AD4+梅大丸!AD4+柏!AD4+神大丸!AD4+栄!AD4+上野!AD4+はか阪!AD4+高槻!AD4+梅阪神!AD4 -> 3321853 | G4: =あべの!AE4+上本町!AE4+東大阪!AE4+橿原!AE4+京都!AE4+洛西!AE4+和歌山!AE4+守口!AE4+枚方!AE4+なんば!AE4+堺!AE4+泉北!AE4+岡山!AE4+うめ阪!AE4+宝塚!AE4+神戸阪!AE4+千里!AE4+京橋!AE4+川西!AE4+須磨!AE4+名古屋!AE4+小倉!AE4+くずは!AE4+流山!AE4+新宿!AE4+川崎!AE4+松山!AE4+東京!AE4+池東武!AE4+西宮!AE4+横浜!AE4+あまが!AE4+梅大丸!AE4+柏!AE4+神大丸!AE4+栄!AE4+上野!AE4+はか阪!AE4+高槻!AE4+梅阪神!AE4 -> 4090 | H4: =あべの!AF4+上本町!AF4+東大阪!AF4+橿原!AF4+京都!AF4+洛西!AF4+和歌山!AF4+守口!AF4+枚方!AF4+なんば!AF4+堺!AF4+泉北!AF4+岡山!AF4+うめ阪!AF4+宝塚!AF4+神戸阪!AF4+千里!AF4+京橋!AF4+川西!AF4+須磨!AF4+名古屋!AF4+小倉!AF4+くずは!AF4+流山!AF4+新宿!AF4+川崎!AF4+松山!AF4+東京!AF4+池東武!AF4+西宮!AF4+横浜!AF4+あまが!AF4+梅大丸!AF4+柏!AF4+神大丸!AF4+栄!AF4+上野!AF4+はか阪!AF4+高槻!AF4+梅阪神!AF4 -> 4581774 | I4: =あべの!AG4+上本町!AG4+東大阪!AG4+橿原!AG4+京都!AG4+洛西!AG4+和歌山!AG4+守口!AG4+枚方!AG4+なんば!AG4+堺!AG4+泉北!AG4+岡山!AG4+うめ阪!AG4+宝塚!AG4+神戸阪!AG4+千里!AG4+京橋!AG4+川西!AG4+須磨!AG4+名古屋!AG4+小倉!AG4+くずは!AG4+流山!AG4+新宿!AG4+川崎!AG4+松山!AG4+東京!AG4+池東武!AG4+西宮!AG4+横浜!AG4+あまが!AG4+梅大丸!AG4+柏!AG4+神大丸!AG4+栄!AG4+上野!AG4+はか阪!AG4+高槻!AG4+梅阪神!AG4 -> 593 | J4: =あべの!AH4+上本町!AH4+東大阪!AH4+橿原!AH4+京都!AH4+洛西!AH4+和歌山!AH4+守口!AH4+枚方!AH4+なんば!AH4+堺!AH4+泉北!AH4+岡山!AH4+うめ阪!AH4+宝塚!AH4+神戸阪!AH4+千里!AH4+京橋!AH4+川西!AH4+須磨!AH4+名古屋!AH4+小倉!AH4+くずは!AH4+流山!AH4+新宿!AH4+川崎!AH4+松山!AH4+東京!AH4+池東武!AH4+西宮!AH4+横浜!AH4+あまが!AH4+梅大丸!AH4+柏!AH4+神大丸!AH4+栄!AH4+上野!AH4+はか阪!AH4+高槻!AH4+梅阪神!AH4 -> 13
A5: 46083 | B5: 月 | C5: =あべの!AA5+上本町!AA5+東大阪!AA5+橿原!AA5+京都!AA5+洛西!AA5+和歌山!AA5+守口!AA5+枚方!AA5+なんば!AA5+堺!AA5+泉北!AA5+岡山!AA5+うめ阪!AA5+宝塚!AA5+神戸阪!AA5+千里!AA5+京橋!AA5+川西!AA5+須磨!AA5+名古屋!AA5+小倉!AA5+くずは!AA5+流山!AA5+新宿!AA5+川崎!AA5+松山!AA5+東京!AA5+池東武!AA5+西宮!AA5+横浜!AA5+あまが!AA5+梅大丸!AA5+柏!AA5+神大丸!AA5+栄!AA5+上野!AA5+はか阪!AA5+高槻!AA5+梅阪神!AA5 -> 1055 | D5: =あべの!AB5+上本町!AB5+東大阪!AB5+橿原!AB5+京都!AB5+洛西!AB5+和歌山!AB5+守口!AB5+枚方!AB5+なんば!AB5+堺!AB5+泉北!AB5+岡山!AB5+うめ阪!AB5+宝塚!AB5+神戸阪!AB5+千里!AB5+京橋!AB5+川西!AB5+須磨!AB5+名古屋!AB5+小倉!AB5+くずは!AB5+流山!AB5+新宿!AB5+川崎!AB5+松山!AB5+東京!AB5+池東武!AB5+西宮!AB5+横浜!AB5+あまが!AB5+梅大丸!AB5+柏!AB5+神大丸!AB5+栄!AB5+上野!AB5+はか阪!AB5+高槻!AB5+梅阪神!AB5 -> 1119583 | E5: =あべの!AC5+上本町!AC5+東大阪!AC5+橿原!AC5+京都!AC5+洛西!AC5+和歌山!AC5+守口!AC5+枚方!AC5+なんば!AC5+堺!AC5+泉北!AC5+岡山!AC5+うめ阪!AC5+宝塚!AC5+神戸阪!AC5+千里!AC5+京橋!AC5+川西!AC5+須磨!AC5+名古屋!AC5+小倉!AC5+くずは!AC5+流山!AC5+新宿!AC5+川崎!AC5+松山!AC5+東京!AC5+池東武!AC5+西宮!AC5+横浜!AC5+あまが!AC5+梅大丸!AC5+柏!AC5+神大丸!AC5+栄!AC5+上野!AC5+はか阪!AC5+高槻!AC5+梅阪神!AC5 -> 2816 | F5: =あべの!AD5+上本町!AD5+東大阪!AD5+橿原!AD5+京都!AD5+洛西!AD5+和歌山!AD5+守口!AD5+枚方!AD5+なんば!AD5+堺!AD5+泉北!AD5+岡山!AD5+うめ阪!AD5+宝塚!AD5+神戸阪!AD5+千里!AD5+京橋!AD5+川西!AD5+須磨!AD5+名古屋!AD5+小倉!AD5+くずは!AD5+流山!AD5+新宿!AD5+川崎!AD5+松山!AD5+東京!AD5+池東武!AD5+西宮!AD5+横浜!AD5+あまが!AD5+梅大丸!AD5+柏!AD5+神大丸!AD5+栄!AD5+上野!AD5+はか阪!AD5+高槻!AD5+梅阪神!AD5 -> 2998021 | G5: =あべの!AE5+上本町!AE5+東大阪!AE5+橿原!AE5+京都!AE5+洛西!AE5+和歌山!AE5+守口!AE5+枚方!AE5+なんば!AE5+堺!AE5+泉北!AE5+岡山!AE5+うめ阪!AE5+宝塚!AE5+神戸阪!AE5+千里!AE5+京橋!AE5+川西!AE5+須磨!AE5+名古屋!AE5+小倉!AE5+くずは!AE5+流山!AE5+新宿!AE5+川崎!AE5+松山!AE5+東京!AE5+池東武!AE5+西宮!AE5+横浜!AE5+あまが!AE5+梅大丸!AE5+柏!AE5+神大丸!AE5+栄!AE5+上野!AE5+はか阪!AE5+高槻!AE5+梅阪神!AE5 -> 4020 | H5: =あべの!AF5+上本町!AF5+東大阪!AF5+橿原!AF5+京都!AF5+洛西!AF5+和歌山!AF5+守口!AF5+枚方!AF5+なんば!AF5+堺!AF5+泉北!AF5+岡山!AF5+うめ阪!AF5+宝塚!AF5+神戸阪!AF5+千里!AF5+京橋!AF5+川西!AF5+須磨!AF5+名古屋!AF5+小倉!AF5+くずは!AF5+流山!AF5+新宿!AF5+川崎!AF5+松山!AF5+東京!AF5+池東武!AF5+西宮!AF5+横浜!AF5+あまが!AF5+梅大丸!AF5+柏!AF5+神大丸!AF5+栄!AF5+上野!AF5+はか阪!AF5+高槻!AF5+梅阪神!AF5 -> 4216633 | I5: =あべの!AG5+上本町!AG5+東大阪!AG5+橿原!AG5+京都!AG5+洛西!AG5+和歌山!AG5+守口!AG5+枚方!AG5+なんば!AG5+堺!AG5+泉北!AG5+岡山!AG5+うめ阪!AG5+宝塚!AG5+神戸阪!AG5+千里!AG5+京橋!AG5+川西!AG5+須磨!AG5+名古屋!AG5+小倉!AG5+くずは!AG5+流山!AG5+新宿!AG5+川崎!AG5+松山!AG5+東京!AG5+池東武!AG5+西宮!AG5+横浜!AG5+あまが!AG5+梅大丸!AG5+柏!AG5+神大丸!AG5+栄!AG5+上野!AG5+はか阪!AG5+高槻!AG5+梅阪神!AG5 -> 574 | J5: =あべの!AH5+上本町!AH5+東大阪!AH5+橿原!AH5+京都!AH5+洛西!AH5+和歌山!AH5+守口!AH5+枚方!AH5+なんば!AH5+堺!AH5+泉北!AH5+岡山!AH5+うめ阪!AH5+宝塚!AH5+神戸阪!AH5+千里!AH5+京橋!AH5+川西!AH5+須磨!AH5+名古屋!AH5+小倉!AH5+くずは!AH5+流山!AH5+新宿!AH5+川崎!AH5+松山!AH5+東京!AH5+池東武!AH5+西宮!AH5+横浜!AH5+あまが!AH5+梅大丸!AH5+柏!AH5+神大丸!AH5+栄!AH5+上野!AH5+はか阪!AH5+高槻!AH5+梅阪神!AH5 -> 21
A6: 46084 | B6: 火 | C6: =あべの!AA6+上本町!AA6+東大阪!AA6+橿原!AA6+京都!AA6+洛西!AA6+和歌山!AA6+守口!AA6+枚方!AA6+なんば!AA6+堺!AA6+泉北!AA6+岡山!AA6+うめ阪!AA6+宝塚!AA6+神戸阪!AA6+千里!AA6+京橋!AA6+川西!AA6+須磨!AA6+名古屋!AA6+小倉!AA6+くずは!AA6+流山!AA6+新宿!AA6+川崎!AA6+松山!AA6+東京!AA6+池東武!AA6+西宮!AA6+横浜!AA6+あまが!AA6+梅大丸!AA6+柏!AA6+神大丸!AA6+栄!AA6+上野!AA6+はか阪!AA6+高槻!AA6+梅阪神!AA6 -> 828 | D6: =あべの!AB6+上本町!AB6+東大阪!AB6+橿原!AB6+京都!AB6+洛西!AB6+和歌山!AB6+守口!AB6+枚方!AB6+なんば!AB6+堺!AB6+泉北!AB6+岡山!AB6+うめ阪!AB6+宝塚!AB6+神戸阪!AB6+千里!AB6+京橋!AB6+川西!AB6+須磨!AB6+名古屋!AB6+小倉!AB6+くずは!AB6+流山!AB6+新宿!AB6+川崎!AB6+松山!AB6+東京!AB6+池東武!AB6+西宮!AB6+横浜!AB6+あまが!AB6+梅大丸!AB6+柏!AB6+神大丸!AB6+栄!AB6+上野!AB6+はか阪!AB6+高槻!AB6+梅阪神!AB6 -> 901792 | E6: =あべの!AC6+上本町!AC6+東大阪!AC6+橿原!AC6+京都!AC6+洛西!AC6+和歌山!AC6+守口!AC6+枚方!AC6+なんば!AC6+堺!AC6+泉北!AC6+岡山!AC6+うめ阪!AC6+宝塚!AC6+神戸阪!AC6+千里!AC6+京橋!AC6+川西!AC6+須磨!AC6+名古屋!AC6+小倉!AC6+くずは!AC6+流山!AC6+新宿!AC6+川崎!AC6+松山!AC6+東京!AC6+池東武!AC6+西宮!AC6+横浜!AC6+あまが!AC6+梅大丸!AC6+柏!AC6+神大丸!AC6+栄!AC6+上野!AC6+はか阪!AC6+高槻!AC6+梅阪神!AC6 -> 2394 | F6: =あべの!AD6+上本町!AD6+東大阪!AD6+橿原!AD6+京都!AD6+洛西!AD6+和歌山!AD6+守口!AD6+枚方!AD6+なんば!AD6+堺!AD6+泉北!AD6+岡山!AD6+うめ阪!AD6+宝塚!AD6+神戸阪!AD6+千里!AD6+京橋!AD6+川西!AD6+須磨!AD6+名古屋!AD6+小倉!AD6+くずは!AD6+流山!AD6+新宿!AD6+川崎!AD6+松山!AD6+東京!AD6+池東武!AD6+西宮!AD6+横浜!AD6+あまが!AD6+梅大丸!AD6+柏!AD6+神大丸!AD6+栄!AD6+上野!AD6+はか阪!AD6+高槻!AD6+梅阪神!AD6 -> 2604890 | G6: =あべの!AE6+上本町!AE6+東大阪!AE6+橿原!AE6+京都!AE6+洛西!AE6+和歌山!AE6+守口!AE6+枚方!AE6+なんば!AE6+堺!AE6+泉北!AE6+岡山!AE6+うめ阪!AE6+宝塚!AE6+神戸阪!AE6+千里!AE6+京橋!AE6+川西!AE6+須磨!AE6+名古屋!AE6+小倉!AE6+くずは!AE6+流山!AE6+新宿!AE6+川崎!AE6+松山!AE6+東京!AE6+池東武!AE6+西宮!AE6+横浜!AE6+あまが!AE6+梅大丸!AE6+柏!AE6+神大丸!AE6+栄!AE6+上野!AE6+はか阪!AE6+高槻!AE6+梅阪神!AE6 -> 3516 | H6: =あべの!AF6+上本町!AF6+東大阪!AF6+橿原!AF6+京都!AF6+洛西!AF6+和歌山!AF6+守口!AF6+枚方!AF6+なんば!AF6+堺!AF6+泉北!AF6+岡山!AF6+うめ阪!AF6+宝塚!AF6+神戸阪!AF6+千里!AF6+京橋!AF6+川西!AF6+須磨!AF6+名古屋!AF6+小倉!AF6+くずは!AF6+流山!AF6+新宿!AF6+川崎!AF6+松山!AF6+東京!AF6+池東武!AF6+西宮!AF6+横浜!AF6+あまが!AF6+梅大丸!AF6+柏!AF6+神大丸!AF6+栄!AF6+上野!AF6+はか阪!AF6+高槻!AF6+梅阪神!AF6 -> 3739632 | I6: =あべの!AG6+上本町!AG6+東大阪!AG6+橿原!AG6+京都!AG6+洛西!AG6+和歌山!AG6+守口!AG6+枚方!AG6+なんば!AG6+堺!AG6+泉北!AG6+岡山!AG6+うめ阪!AG6+宝塚!AG6+神戸阪!AG6+千里!AG6+京橋!AG6+川西!AG6+須磨!AG6+名古屋!AG6+小倉!AG6+くずは!AG6+流山!AG6+新宿!AG6+川崎!AG6+松山!AG6+東京!AG6+池東武!AG6+西宮!AG6+横浜!AG6+あまが!AG6+梅大丸!AG6+柏!AG6+神大丸!AG6+栄!AG6+上野!AG6+はか阪!AG6+高槻!AG6+梅阪神!AG6 -> 559 | J6: =あべの!AH6+上本町!AH6+東大阪!AH6+橿原!AH6+京都!AH6+洛西!AH6+和歌山!AH6+守口!AH6+枚方!AH6+なんば!AH6+堺!AH6+泉北!AH6+岡山!AH6+うめ阪!AH6+宝塚!AH6+神戸阪!AH6+千里!AH6+京橋!AH6+川西!AH6+須磨!AH6+名古屋!AH6+小倉!AH6+くずは!AH6+流山!AH6+新宿!AH6+川崎!AH6+松山!AH6+東京!AH6+池東武!AH6+西宮!AH6+横浜!AH6+あまが!AH6+梅大丸!AH6+柏!AH6+神大丸!AH6+栄!AH6+上野!AH6+はか阪!AH6+高槻!AH6+梅阪神!AH6 -> 30
A7: 46085 | B7: 水 | C7: =あべの!AA7+上本町!AA7+東大阪!AA7+橿原!AA7+京都!AA7+洛西!AA7+和歌山!AA7+守口!AA7+枚方!AA7+なんば!AA7+堺!AA7+泉北!AA7+岡山!AA7+うめ阪!AA7+宝塚!AA7+神戸阪!AA7+千里!AA7+京橋!AA7+川西!AA7+須磨!AA7+名古屋!AA7+小倉!AA7+くずは!AA7+流山!AA7+新宿!AA7+川崎!AA7+松山!AA7+東京!AA7+池東武!AA7+西宮!AA7+横浜!AA7+あまが!AA7+梅大丸!AA7+柏!AA7+神大丸!AA7+栄!AA7+上野!AA7+はか阪!AA7+高槻!AA7+梅阪神!AA7 -> 992 | D7: =あべの!AB7+上本町!AB7+東大阪!AB7+橿原!AB7+京都!AB7+洛西!AB7+和歌山!AB7+守口!AB7+枚方!AB7+なんば!AB7+堺!AB7+泉北!AB7+岡山!AB7+うめ阪!AB7+宝塚!AB7+神戸阪!AB7+千里!AB7+京橋!AB7+川西!AB7+須磨!AB7+名古屋!AB7+小倉!AB7+くずは!AB7+流山!AB7+新宿!AB7+川崎!AB7+松山!AB7+東京!AB7+池東武!AB7+西宮!AB7+横浜!AB7+あまが!AB7+梅大丸!AB7+柏!AB7+神大丸!AB7+栄!AB7+上野!AB7+はか阪!AB7+高槻!AB7+梅阪神!AB7 -> 1093221 | E7: =あべの!AC7+上本町!AC7+東大阪!AC7+橿原!AC7+京都!AC7+洛西!AC7+和歌山!AC7+守口!AC7+枚方!AC7+なんば!AC7+堺!AC7+泉北!AC7+岡山!AC7+うめ阪!AC7+宝塚!AC7+神戸阪!AC7+千里!AC7+京橋!AC7+川西!AC7+須磨!AC7+名古屋!AC7+小倉!AC7+くずは!AC7+流山!AC7+新宿!AC7+川崎!AC7+松山!AC7+東京!AC7+池東武!AC7+西宮!AC7+横浜!AC7+あまが!AC7+梅大丸!AC7+柏!AC7+神大丸!AC7+栄!AC7+上野!AC7+はか阪!AC7+高槻!AC7+梅阪神!AC7 -> 2756 | F7: =あべの!AD7+上本町!AD7+東大阪!AD7+橿原!AD7+京都!AD7+洛西!AD7+和歌山!AD7+守口!AD7+枚方!AD7+なんば!AD7+堺!AD7+泉北!AD7+岡山!AD7+うめ阪!AD7+宝塚!AD7+神戸阪!AD7+千里!AD7+京橋!AD7+川西!AD7+須磨!AD7+名古屋!AD7+小倉!AD7+くずは!AD7+流山!AD7+新宿!AD7+川崎!AD7+松山!AD7+東京!AD7+池東武!AD7+西宮!AD7+横浜!AD7+あまが!AD7+梅大丸!AD7+柏!AD7+神大丸!AD7+栄!AD7+上野!AD7+はか阪!AD7+高槻!AD7+梅阪神!AD7 -> 3039723 | G7: =あべの!AE7+上本町!AE7+東大阪!AE7+橿原!AE7+京都!AE7+洛西!AE7+和歌山!AE7+守口!AE7+枚方!AE7+なんば!AE7+堺!AE7+泉北!AE7+岡山!AE7+うめ阪!AE7+宝塚!AE7+神戸阪!AE7+千里!AE7+京橋!AE7+川西!AE7+須磨!AE7+名古屋!AE7+小倉!AE7+くずは!AE7+流山!AE7+新宿!AE7+川崎!AE7+松山!AE7+東京!AE7+池東武!AE7+西宮!AE7+横浜!AE7+あまが!AE7+梅大丸!AE7+柏!AE7+神大丸!AE7+栄!AE7+上野!AE7+はか阪!AE7+高槻!AE7+梅阪神!AE7 -> 4084 | H7: =あべの!AF7+上本町!AF7+東大阪!AF7+橿原!AF7+京都!AF7+洛西!AF7+和歌山!AF7+守口!AF7+枚方!AF7+なんば!AF7+堺!AF7+泉北!AF7+岡山!AF7+うめ阪!AF7+宝塚!AF7+神戸阪!AF7+千里!AF7+京橋!AF7+川西!AF7+須磨!AF7+名古屋!AF7+小倉!AF7+くずは!AF7+流山!AF7+新宿!AF7+川崎!AF7+松山!AF7+東京!AF7+池東武!AF7+西宮!AF7+横浜!AF7+あまが!AF7+梅大丸!AF7+柏!AF7+神大丸!AF7+栄!AF7+上野!AF7+はか阪!AF7+高槻!AF7+梅阪神!AF7 -> 4372739 | I7: =あべの!AG7+上本町!AG7+東大阪!AG7+橿原!AG7+京都!AG7+洛西!AG7+和歌山!AG7+守口!AG7+枚方!AG7+なんば!AG7+堺!AG7+泉北!AG7+岡山!AG7+うめ阪!AG7+宝塚!AG7+神戸阪!AG7+千里!AG7+京橋!AG7+川西!AG7+須磨!AG7+名古屋!AG7+小倉!AG7+くずは!AG7+流山!AG7+新宿!AG7+川崎!AG7+松山!AG7+東京!AG7+池東武!AG7+西宮!AG7+横浜!AG7+あまが!AG7+梅大丸!AG7+柏!AG7+神大丸!AG7+栄!AG7+上野!AG7+はか阪!AG7+高槻!AG7+梅阪神!AG7 -> 627 | J7: =あべの!AH7+上本町!AH7+東大阪!AH7+橿原!AH7+京都!AH7+洛西!AH7+和歌山!AH7+守口!AH7+枚方!AH7+なんば!AH7+堺!AH7+泉北!AH7+岡山!AH7+うめ阪!AH7+宝塚!AH7+神戸阪!AH7+千里!AH7+京橋!AH7+川西!AH7+須磨!AH7+名古屋!AH7+小倉!AH7+くずは!AH7+流山!AH7+新宿!AH7+川崎!AH7+松山!AH7+東京!AH7+池東武!AH7+西宮!AH7+横浜!AH7+あまが!AH7+梅大丸!AH7+柏!AH7+神大丸!AH7+栄!AH7+上野!AH7+はか阪!AH7+高槻!AH7+梅阪神!AH7 -> 18
A8: 46086 | B8: 木 | C8: =あべの!AA8+上本町!AA8+東大阪!AA8+橿原!AA8+京都!AA8+洛西!AA8+和歌山!AA8+守口!AA8+枚方!AA8+なんば!AA8+堺!AA8+泉北!AA8+岡山!AA8+うめ阪!AA8+宝塚!AA8+神戸阪!AA8+千里!AA8+京橋!AA8+川西!AA8+須磨!AA8+名古屋!AA8+小倉!AA8+くずは!AA8+流山!AA8+新宿!AA8+川崎!AA8+松山!AA8+東京!AA8+池東武!AA8+西宮!AA8+横浜!AA8+あまが!AA8+梅大丸!AA8+柏!AA8+神大丸!AA8+栄!AA8+上野!AA8+はか阪!AA8+高槻!AA8+梅阪神!AA8 -> 1080 | D8: =あべの!AB8+上本町!AB8+東大阪!AB8+橿原!AB8+京都!AB8+洛西!AB8+和歌山!AB8+守口!AB8+枚方!AB8+なんば!AB8+堺!AB8+泉北!AB8+岡山!AB8+うめ阪!AB8+宝塚!AB8+神戸阪!AB8+千里!AB8+京橋!AB8+川西!AB8+須磨!AB8+名古屋!AB8+小倉!AB8+くずは!AB8+流山!AB8+新宿!AB8+川崎!AB8+松山!AB8+東京!AB8+池東武!AB8+西宮!AB8+横浜!AB8+あまが!AB8+梅大丸!AB8+柏!AB8+神大丸!AB8+栄!AB8+上野!AB8+はか阪!AB8+高槻!AB8+梅阪神!AB8 -> 1142816 | E8: =あべの!AC8+上本町!AC8+東大阪!AC8+橿原!AC8+京都!AC8+洛西!AC8+和歌山!AC8+守口!AC8+枚方!AC8+なんば!AC8+堺!AC8+泉北!AC8+岡山!AC8+うめ阪!AC8+宝塚!AC8+神戸阪!AC8+千里!AC8+京橋!AC8+川西!AC8+須磨!AC8+名古屋!AC8+小倉!AC8+くずは!AC8+流山!AC8+新宿!AC8+川崎!AC8+松山!AC8+東京!AC8+池東武!AC8+西宮!AC8+横浜!AC8+あまが!AC8+梅大丸!AC8+柏!AC8+神大丸!AC8+栄!AC8+上野!AC8+はか阪!AC8+高槻!AC8+梅阪神!AC8 -> 2972 | F8: =あべの!AD8+上本町!AD8+東大阪!AD8+橿原!AD8+京都!AD8+洛西!AD8+和歌山!AD8+守口!AD8+枚方!AD8+なんば!AD8+堺!AD8+泉北!AD8+岡山!AD8+うめ阪!AD8+宝塚!AD8+神戸阪!AD8+千里!AD8+京橋!AD8+川西!AD8+須磨!AD8+名古屋!AD8+小倉!AD8+くずは!AD8+流山!AD8+新宿!AD8+川崎!AD8+松山!AD8+東京!AD8+池東武!AD8+西宮!AD8+横浜!AD8+あまが!AD8+梅大丸!AD8+柏!AD8+神大丸!AD8+栄!AD8+上野!AD8+はか阪!AD8+高槻!AD8+梅阪神!AD8 -> 3249831 | G8: =あべの!AE8+上本町!AE8+東大阪!AE8+橿原!AE8+京都!AE8+洛西!AE8+和歌山!AE8+守口!AE8+枚方!AE8+なんば!AE8+堺!AE8+泉北!AE8+岡山!AE8+うめ阪!AE8+宝塚!AE8+神戸阪!AE8+千里!AE8+京橋!AE8+川西!AE8+須磨!AE8+名古屋!AE8+小倉!AE8+くずは!AE8+流山!AE8+新宿!AE8+川崎!AE8+松山!AE8+東京!AE8+池東武!AE8+西宮!AE8+横浜!AE8+あまが!AE8+梅大丸!AE8+柏!AE8+神大丸!AE8+栄!AE8+上野!AE8+はか阪!AE8+高槻!AE8+梅阪神!AE8 -> 4429 | H8: =あべの!AF8+上本町!AF8+東大阪!AF8+橿原!AF8+京都!AF8+洛西!AF8+和歌山!AF8+守口!AF8+枚方!AF8+なんば!AF8+堺!AF8+泉北!AF8+岡山!AF8+うめ阪!AF8+宝塚!AF8+神戸阪!AF8+千里!AF8+京橋!AF8+川西!AF8+須磨!AF8+名古屋!AF8+小倉!AF8+くずは!AF8+流山!AF8+新宿!AF8+川崎!AF8+松山!AF8+東京!AF8+池東武!AF8+西宮!AF8+横浜!AF8+あまが!AF8+梅大丸!AF8+柏!AF8+神大丸!AF8+栄!AF8+上野!AF8+はか阪!AF8+高槻!AF8+梅阪神!AF8 -> 4732109 | I8: =あべの!AG8+上本町!AG8+東大阪!AG8+橿原!AG8+京都!AG8+洛西!AG8+和歌山!AG8+守口!AG8+枚方!AG8+なんば!AG8+堺!AG8+泉北!AG8+岡山!AG8+うめ阪!AG8+宝塚!AG8+神戸阪!AG8+千里!AG8+京橋!AG8+川西!AG8+須磨!AG8+名古屋!AG8+小倉!AG8+くずは!AG8+流山!AG8+新宿!AG8+川崎!AG8+松山!AG8+東京!AG8+池東武!AG8+西宮!AG8+横浜!AG8+あまが!AG8+梅大丸!AG8+柏!AG8+神大丸!AG8+栄!AG8+上野!AG8+はか阪!AG8+高槻!AG8+梅阪神!AG8 -> 590 | J8: =あべの!AH8+上本町!AH8+東大阪!AH8+橿原!AH8+京都!AH8+洛西!AH8+和歌山!AH8+守口!AH8+枚方!AH8+なんば!AH8+堺!AH8+泉北!AH8+岡山!AH8+うめ阪!AH8+宝塚!AH8+神戸阪!AH8+千里!AH8+京橋!AH8+川西!AH8+須磨!AH8+名古屋!AH8+小倉!AH8+くずは!AH8+流山!AH8+新宿!AH8+川崎!AH8+松山!AH8+東京!AH8+池東武!AH8+西宮!AH8+横浜!AH8+あまが!AH8+梅大丸!AH8+柏!AH8+神大丸!AH8+栄!AH8+上野!AH8+はか阪!AH8+高槻!AH8+梅阪神!AH8 -> 2
A9: 46087 | B9: 金 | C9: =あべの!AA9+上本町!AA9+東大阪!AA9+橿原!AA9+京都!AA9+洛西!AA9+和歌山!AA9+守口!AA9+枚方!AA9+なんば!AA9+堺!AA9+泉北!AA9+岡山!AA9+うめ阪!AA9+宝塚!AA9+神戸阪!AA9+千里!AA9+京橋!AA9+川西!AA9+須磨!AA9+名古屋!AA9+小倉!AA9+くずは!AA9+流山!AA9+新宿!AA9+川崎!AA9+松山!AA9+東京!AA9+池東武!AA9+西宮!AA9+横浜!AA9+あまが!AA9+梅大丸!AA9+柏!AA9+神大丸!AA9+栄!AA9+上野!AA9+はか阪!AA9+高槻!AA9+梅阪神!AA9 -> 1088 | D9: =あべの!AB9+上本町!AB9+東大阪!AB9+橿原!AB9+京都!AB9+洛西!AB9+和歌山!AB9+守口!AB9+枚方!AB9+なんば!AB9+堺!AB9+泉北!AB9+岡山!AB9+うめ阪!AB9+宝塚!AB9+神戸阪!AB9+千里!AB9+京橋!AB9+川西!AB9+須磨!AB9+名古屋!AB9+小倉!AB9+くずは!AB9+流山!AB9+新宿!AB9+川崎!AB9+松山!AB9+東京!AB9+池東武!AB9+西宮!AB9+横浜!AB9+あまが!AB9+梅大丸!AB9+柏!AB9+神大丸!AB9+栄!AB9+上野!AB9+はか阪!AB9+高槻!AB9+梅阪神!AB9 -> 1205636 | E9: =あべの!AC9+上本町!AC9+東大阪!AC9+橿原!AC9+京都!AC9+洛西!AC9+和歌山!AC9+守口!AC9+枚方!AC9+なんば!AC9+堺!AC9+泉北!AC9+岡山!AC9+うめ阪!AC9+宝塚!AC9+神戸阪!AC9+千里!AC9+京橋!AC9+川西!AC9+須磨!AC9+名古屋!AC9+小倉!AC9+くずは!AC9+流山!AC9+新宿!AC9+川崎!AC9+松山!AC9+東京!AC9+池東武!AC9+西宮!AC9+横浜!AC9+あまが!AC9+梅大丸!AC9+柏!AC9+神大丸!AC9+栄!AC9+上野!AC9+はか阪!AC9+高槻!AC9+梅阪神!AC9 -> 2806 | F9: =あべの!AD9+上本町!AD9+東大阪!AD9+橿原!AD9+京都!AD9+洛西!AD9+和歌山!AD9+守口!AD9+枚方!AD9+なんば!AD9+堺!AD9+泉北!AD9+岡山!AD9+うめ阪!AD9+宝塚!AD9+神戸阪!AD9+千里!AD9+京橋!AD9+川西!AD9+須磨!AD9+名古屋!AD9+小倉!AD9+くずは!AD9+流山!AD9+新宿!AD9+川崎!AD9+松山!AD9+東京!AD9+池東武!AD9+西宮!AD9+横浜!AD9+あまが!AD9+梅大丸!AD9+柏!AD9+神大丸!AD9+栄!AD9+上野!AD9+はか阪!AD9+高槻!AD9+梅阪神!AD9 -> 3071527 | G9: =あべの!AE9+上本町!AE9+東大阪!AE9+橿原!AE9+京都!AE9+洛西!AE9+和歌山!AE9+守口!AE9+枚方!AE9+なんば!AE9+堺!AE9+泉北!AE9+岡山!AE9+うめ阪!AE9+宝塚!AE9+神戸阪!AE9+千里!AE9+京橋!AE9+川西!AE9+須磨!AE9+名古屋!AE9+小倉!AE9+くずは!AE9+流山!AE9+新宿!AE9+川崎!AE9+松山!AE9+東京!AE9+池東武!AE9+西宮!AE9+横浜!AE9+あまが!AE9+梅大丸!AE9+柏!AE9+神大丸!AE9+栄!AE9+上野!AE9+はか阪!AE9+高槻!AE9+梅阪神!AE9 -> 4185 | H9: =あべの!AF9+上本町!AF9+東大阪!AF9+橿原!AF9+京都!AF9+洛西!AF9+和歌山!AF9+守口!AF9+枚方!AF9+なんば!AF9+堺!AF9+泉北!AF9+岡山!AF9+うめ阪!AF9+宝塚!AF9+神戸阪!AF9+千里!AF9+京橋!AF9+川西!AF9+須磨!AF9+名古屋!AF9+小倉!AF9+くずは!AF9+流山!AF9+新宿!AF9+川崎!AF9+松山!AF9+東京!AF9+池東武!AF9+西宮!AF9+横浜!AF9+あまが!AF9+梅大丸!AF9+柏!AF9+神大丸!AF9+栄!AF9+上野!AF9+はか阪!AF9+高槻!AF9+梅阪神!AF9 -> 4498489 | I9: =あべの!AG9+上本町!AG9+東大阪!AG9+橿原!AG9+京都!AG9+洛西!AG9+和歌山!AG9+守口!AG9+枚方!AG9+なんば!AG9+堺!AG9+泉北!AG9+岡山!AG9+うめ阪!AG9+宝塚!AG9+神戸阪!AG9+千里!AG9+京橋!AG9+川西!AG9+須磨!AG9+名古屋!AG9+小倉!AG9+くずは!AG9+流山!AG9+新宿!AG9+川崎!AG9+松山!AG9+東京!AG9+池東武!AG9+西宮!AG9+横浜!AG9+あまが!AG9+梅大丸!AG9+柏!AG9+神大丸!AG9+栄!AG9+上野!AG9+はか阪!AG9+高槻!AG9+梅阪神!AG9 -> 603 | J9: =あべの!AH9+上本町!AH9+東大阪!AH9+橿原!AH9+京都!AH9+洛西!AH9+和歌山!AH9+守口!AH9+枚方!AH9+なんば!AH9+堺!AH9+泉北!AH9+岡山!AH9+うめ阪!AH9+宝塚!AH9+神戸阪!AH9+千里!AH9+京橋!AH9+川西!AH9+須磨!AH9+名古屋!AH9+小倉!AH9+くずは!AH9+流山!AH9+新宿!AH9+川崎!AH9+松山!AH9+東京!AH9+池東武!AH9+西宮!AH9+横浜!AH9+あまが!AH9+梅大丸!AH9+柏!AH9+神大丸!AH9+栄!AH9+上野!AH9+はか阪!AH9+高槻!AH9+梅阪神!AH9 -> 8
A10: 46088 | B10: 土 | C10: =あべの!AA10+上本町!AA10+東大阪!AA10+橿原!AA10+京都!AA10+洛西!AA10+和歌山!AA10+守口!AA10+枚方!AA10+なんば!AA10+堺!AA10+泉北!AA10+岡山!AA10+うめ阪!AA10+宝塚!AA10+神戸阪!AA10+千里!AA10+京橋!AA10+川西!AA10+須磨!AA10+名古屋!AA10+小倉!AA10+くずは!AA10+流山!AA10+新宿!AA10+川崎!AA10+松山!AA10+東京!AA10+池東武!AA10+西宮!AA10+横浜!AA10+あまが!AA10+梅大丸!AA10+柏!AA10+神大丸!AA10+栄!AA10+上野!AA10+はか阪!AA10+高槻!AA10+梅阪神!AA10 -> 1126 | D10: =あべの!AB10+上本町!AB10+東大阪!AB10+橿原!AB10+京都!AB10+洛西!AB10+和歌山!AB10+守口!AB10+枚方!AB10+なんば!AB10+堺!AB10+泉北!AB10+岡山!AB10+うめ阪!AB10+宝塚!AB10+神戸阪!AB10+千里!AB10+京橋!AB10+川西!AB10+須磨!AB10+名古屋!AB10+小倉!AB10+くずは!AB10+流山!AB10+新宿!AB10+川崎!AB10+松山!AB10+東京!AB10+池東武!AB10+西宮!AB10+横浜!AB10+あまが!AB10+梅大丸!AB10+柏!AB10+神大丸!AB10+栄!AB10+上野!AB10+はか阪!AB10+高槻!AB10+梅阪神!AB10 -> 1287229 | E10: =あべの!AC10+上本町!AC10+東大阪!AC10+橿原!AC10+京都!AC10+洛西!AC10+和歌山!AC10+守口!AC10+枚方!AC10+なんば!AC10+堺!AC10+泉北!AC10+岡山!AC10+うめ阪!AC10+宝塚!AC10+神戸阪!AC10+千里!AC10+京橋!AC10+川西!AC10+須磨!AC10+名古屋!AC10+小倉!AC10+くずは!AC10+流山!AC10+新宿!AC10+川崎!AC10+松山!AC10+東京!AC10+池東武!AC10+西宮!AC10+横浜!AC10+あまが!AC10+梅大丸!AC10+柏!AC10+神大丸!AC10+栄!AC10+上野!AC10+はか阪!AC10+高槻!AC10+梅阪神!AC10 -> 2977 | F10: =あべの!AD10+上本町!AD10+東大阪!AD10+橿原!AD10+京都!AD10+洛西!AD10+和歌山!AD10+守口!AD10+枚方!AD10+なんば!AD10+堺!AD10+泉北!AD10+岡山!AD10+うめ阪!AD10+宝塚!AD10+神戸阪!AD10+千里!AD10+京橋!AD10+川西!AD10+須磨!AD10+名古屋!AD10+小倉!AD10+くずは!AD10+流山!AD10+新宿!AD10+川崎!AD10+松山!AD10+東京!AD10+池東武!AD10+西宮!AD10+横浜!AD10+あまが!AD10+梅大丸!AD10+柏!AD10+神大丸!AD10+栄!AD10+上野!AD10+はか阪!AD10+高槻!AD10+梅阪神!AD10 -> 3310099 | G10: =あべの!AE10+上本町!AE10+東大阪!AE10+橿原!AE10+京都!AE10+洛西!AE10+和歌山!AE10+守口!AE10+枚方!AE10+なんば!AE10+堺!AE10+泉北!AE10+岡山!AE10+うめ阪!AE10+宝塚!AE10+神戸阪!AE10+千里!AE10+京橋!AE10+川西!AE10+須磨!AE10+名古屋!AE10+小倉!AE10+くずは!AE10+流山!AE10+新宿!AE10+川崎!AE10+松山!AE10+東京!AE10+池東武!AE10+西宮!AE10+横浜!AE10+あまが!AE10+梅大丸!AE10+柏!AE10+神大丸!AE10+栄!AE10+上野!AE10+はか阪!AE10+高槻!AE10+梅阪神!AE10 -> 4544 | H10: =あべの!AF10+上本町!AF10+東大阪!AF10+橿原!AF10+京都!AF10+洛西!AF10+和歌山!AF10+守口!AF10+枚方!AF10+なんば!AF10+堺!AF10+泉北!AF10+岡山!AF10+うめ阪!AF10+宝塚!AF10+神戸阪!AF10+千里!AF10+京橋!AF10+川西!AF10+須磨!AF10+名古屋!AF10+小倉!AF10+くずは!AF10+流山!AF10+新宿!AF10+川崎!AF10+松山!AF10+東京!AF10+池東武!AF10+西宮!AF10+横浜!AF10+あまが!AF10+梅大丸!AF10+柏!AF10+神大丸!AF10+栄!AF10+上野!AF10+はか阪!AF10+高槻!AF10+梅阪神!AF10 -> 4971995 | I10: =あべの!AG10+上本町!AG10+東大阪!AG10+橿原!AG10+京都!AG10+洛西!AG10+和歌山!AG10+守口!AG10+枚方!AG10+なんば!AG10+堺!AG10+泉北!AG10+岡山!AG10+うめ阪!AG10+宝塚!AG10+神戸阪!AG10+千里!AG10+京橋!AG10+川西!AG10+須磨!AG10+名古屋!AG10+小倉!AG10+くずは!AG10+流山!AG10+新宿!AG10+川崎!AG10+松山!AG10+東京!AG10+池東武!AG10+西宮!AG10+横浜!AG10+あまが!AG10+梅大丸!AG10+柏!AG10+神大丸!AG10+栄!AG10+上野!AG10+はか阪!AG10+高槻!AG10+梅阪神!AG10 -> 586 | J10: =あべの!AH10+上本町!AH10+東大阪!AH10+橿原!AH10+京都!AH10+洛西!AH10+和歌山!AH10+守口!AH10+枚方!AH10+なんば!AH10+堺!AH10+泉北!AH10+岡山!AH10+うめ阪!AH10+宝塚!AH10+神戸阪!AH10+千里!AH10+京橋!AH10+川西!AH10+須磨!AH10+名古屋!AH10+小倉!AH10+くずは!AH10+流山!AH10+新宿!AH10+川崎!AH10+松山!AH10+東京!AH10+池東武!AH10+西宮!AH10+横浜!AH10+あまが!AH10+梅大丸!AH10+柏!AH10+神大丸!AH10+栄!AH10+上野!AH10+はか阪!AH10+高槻!AH10+梅阪神!AH10 -> 15
A11: 46089 | B11: 日 | C11: =あべの!AA11+上本町!AA11+東大阪!AA11+橿原!AA11+京都!AA11+洛西!AA11+和歌山!AA11+守口!AA11+枚方!AA11+なんば!AA11+堺!AA11+泉北!AA11+岡山!AA11+うめ阪!AA11+宝塚!AA11+神戸阪!AA11+千里!AA11+京橋!AA11+川西!AA11+須磨!AA11+名古屋!AA11+小倉!AA11+くずは!AA11+流山!AA11+新宿!AA11+川崎!AA11+松山!AA11+東京!AA11+池東武!AA11+西宮!AA11+横浜!AA11+あまが!AA11+梅大丸!AA11+柏!AA11+神大丸!AA11+栄!AA11+上野!AA11+はか阪!AA11+高槻!AA11+梅阪神!AA11 -> 1207 | D11: =あべの!AB11+上本町!AB11+東大阪!AB11+橿原!AB11+京都!AB11+洛西!AB11+和歌山!AB11+守口!AB11+枚方!AB11+なんば!AB11+堺!AB11+泉北!AB11+岡山!AB11+うめ阪!AB11+宝塚!AB11+神戸阪!AB11+千里!AB11+京橋!AB11+川西!AB11+須磨!AB11+名古屋!AB11+小倉!AB11+くずは!AB11+流山!AB11+新宿!AB11+川崎!AB11+松山!AB11+東京!AB11+池東武!AB11+西宮!AB11+横浜!AB11+あまが!AB11+梅大丸!AB11+柏!AB11+神大丸!AB11+栄!AB11+上野!AB11+はか阪!AB11+高槻!AB11+梅阪神!AB11 -> 1323456 | E11: =あべの!AC11+上本町!AC11+東大阪!AC11+橿原!AC11+京都!AC11+洛西!AC11+和歌山!AC11+守口!AC11+枚方!AC11+なんば!AC11+堺!AC11+泉北!AC11+岡山!AC11+うめ阪!AC11+宝塚!AC11+神戸阪!AC11+千里!AC11+京橋!AC11+川西!AC11+須磨!AC11+名古屋!AC11+小倉!AC11+くずは!AC11+流山!AC11+新宿!AC11+川崎!AC11+松山!AC11+東京!AC11+池東武!AC11+西宮!AC11+横浜!AC11+あまが!AC11+梅大丸!AC11+柏!AC11+神大丸!AC11+栄!AC11+上野!AC11+はか阪!AC11+高槻!AC11+梅阪神!AC11 -> 3141 | F11: =あべの!AD11+上本町!AD11+東大阪!AD11+橿原!AD11+京都!AD11+洛西!AD11+和歌山!AD11+守口!AD11+枚方!AD11+なんば!AD11+堺!AD11+泉北!AD11+岡山!AD11+うめ阪!AD11+宝塚!AD11+神戸阪!AD11+千里!AD11+京橋!AD11+川西!AD11+須磨!AD11+名古屋!AD11+小倉!AD11+くずは!AD11+流山!AD11+新宿!AD11+川崎!AD11+松山!AD11+東京!AD11+池東武!AD11+西宮!AD11+横浜!AD11+あまが!AD11+梅大丸!AD11+柏!AD11+神大丸!AD11+栄!AD11+上野!AD11+はか阪!AD11+高槻!AD11+梅阪神!AD11 -> 3435592 | G11: =あべの!AE11+上本町!AE11+東大阪!AE11+橿原!AE11+京都!AE11+洛西!AE11+和歌山!AE11+守口!AE11+枚方!AE11+なんば!AE11+堺!AE11+泉北!AE11+岡山!AE11+うめ阪!AE11+宝塚!AE11+神戸阪!AE11+千里!AE11+京橋!AE11+川西!AE11+須磨!AE11+名古屋!AE11+小倉!AE11+くずは!AE11+流山!AE11+新宿!AE11+川崎!AE11+松山!AE11+東京!AE11+池東武!AE11+西宮!AE11+横浜!AE11+あまが!AE11+梅大丸!AE11+柏!AE11+神大丸!AE11+栄!AE11+上野!AE11+はか阪!AE11+高槻!AE11+梅阪神!AE11 -> 4646 | H11: =あべの!AF11+上本町!AF11+東大阪!AF11+橿原!AF11+京都!AF11+洛西!AF11+和歌山!AF11+守口!AF11+枚方!AF11+なんば!AF11+堺!AF11+泉北!AF11+岡山!AF11+うめ阪!AF11+宝塚!AF11+神戸阪!AF11+千里!AF11+京橋!AF11+川西!AF11+須磨!AF11+名古屋!AF11+小倉!AF11+くずは!AF11+流山!AF11+新宿!AF11+川崎!AF11+松山!AF11+東京!AF11+池東武!AF11+西宮!AF11+横浜!AF11+あまが!AF11+梅大丸!AF11+柏!AF11+神大丸!AF11+栄!AF11+上野!AF11+はか阪!AF11+高槻!AF11+梅阪神!AF11 -> 5061326 | I11: =あべの!AG11+上本町!AG11+東大阪!AG11+橿原!AG11+京都!AG11+洛西!AG11+和歌山!AG11+守口!AG11+枚方!AG11+なんば!AG11+堺!AG11+泉北!AG11+岡山!AG11+うめ阪!AG11+宝塚!AG11+神戸阪!AG11+千里!AG11+京橋!AG11+川西!AG11+須磨!AG11+名古屋!AG11+小倉!AG11+くずは!AG11+流山!AG11+新宿!AG11+川崎!AG11+松山!AG11+東京!AG11+池東武!AG11+西宮!AG11+横浜!AG11+あまが!AG11+梅大丸!AG11+柏!AG11+神大丸!AG11+栄!AG11+上野!AG11+はか阪!AG11+高槻!AG11+梅阪神!AG11 -> 628 | J11: =あべの!AH11+上本町!AH11+東大阪!AH11+橿原!AH11+京都!AH11+洛西!AH11+和歌山!AH11+守口!AH11+枚方!AH11+なんば!AH11+堺!AH11+泉北!AH11+岡山!AH11+うめ阪!AH11+宝塚!AH11+神戸阪!AH11+千里!AH11+京橋!AH11+川西!AH11+須磨!AH11+名古屋!AH11+小倉!AH11+くずは!AH11+流山!AH11+新宿!AH11+川崎!AH11+松山!AH11+東京!AH11+池東武!AH11+西宮!AH11+横浜!AH11+あまが!AH11+梅大丸!AH11+柏!AH11+神大丸!AH11+栄!AH11+上野!AH11+はか阪!AH11+高槻!AH11+梅阪神!AH11 -> 9
A12: 46090 | B12: 月 | C12: =あべの!AA12+上本町!AA12+東大阪!AA12+橿原!AA12+京都!AA12+洛西!AA12+和歌山!AA12+守口!AA12+枚方!AA12+なんば!AA12+堺!AA12+泉北!AA12+岡山!AA12+うめ阪!AA12+宝塚!AA12+神戸阪!AA12+千里!AA12+京橋!AA12+川西!AA12+須磨!AA12+名古屋!AA12+小倉!AA12+くずは!AA12+流山!AA12+新宿!AA12+川崎!AA12+松山!AA12+東京!AA12+池東武!AA12+西宮!AA12+横浜!AA12+あまが!AA12+梅大丸!AA12+柏!AA12+神大丸!AA12+栄!AA12+上野!AA12+はか阪!AA12+高槻!AA12+梅阪神!AA12 -> 979 | D12: =あべの!AB12+上本町!AB12+東大阪!AB12+橿原!AB12+京都!AB12+洛西!AB12+和歌山!AB12+守口!AB12+枚方!AB12+なんば!AB12+堺!AB12+泉北!AB12+岡山!AB12+うめ阪!AB12+宝塚!AB12+神戸阪!AB12+千里!AB12+京橋!AB12+川西!AB12+須磨!AB12+名古屋!AB12+小倉!AB12+くずは!AB12+流山!AB12+新宿!AB12+川崎!AB12+松山!AB12+東京!AB12+池東武!AB12+西宮!AB12+横浜!AB12+あまが!AB12+梅大丸!AB12+柏!AB12+神大丸!AB12+栄!AB12+上野!AB12+はか阪!AB12+高槻!AB12+梅阪神!AB12 -> 1070892 | E12: =あべの!AC12+上本町!AC12+東大阪!AC12+橿原!AC12+京都!AC12+洛西!AC12+和歌山!AC12+守口!AC12+枚方!AC12+なんば!AC12+堺!AC12+泉北!AC12+岡山!AC12+うめ阪!AC12+宝塚!AC12+神戸阪!AC12+千里!AC12+京橋!AC12+川西!AC12+須磨!AC12+名古屋!AC12+小倉!AC12+くずは!AC12+流山!AC12+新宿!AC12+川崎!AC12+松山!AC12+東京!AC12+池東武!AC12+西宮!AC12+横浜!AC12+あまが!AC12+梅大丸!AC12+柏!AC12+神大丸!AC12+栄!AC12+上野!AC12+はか阪!AC12+高槻!AC12+梅阪神!AC12 -> 2717 | F12: =あべの!AD12+上本町!AD12+東大阪!AD12+橿原!AD12+京都!AD12+洛西!AD12+和歌山!AD12+守口!AD12+枚方!AD12+なんば!AD12+堺!AD12+泉北!AD12+岡山!AD12+うめ阪!AD12+宝塚!AD12+神戸阪!AD12+千里!AD12+京橋!AD12+川西!AD12+須磨!AD12+名古屋!AD12+小倉!AD12+くずは!AD12+流山!AD12+新宿!AD12+川崎!AD12+松山!AD12+東京!AD12+池東武!AD12+西宮!AD12+横浜!AD12+あまが!AD12+梅大丸!AD12+柏!AD12+神大丸!AD12+栄!AD12+上野!AD12+はか阪!AD12+高槻!AD12+梅阪神!AD12 -> 2927617 | G12: =あべの!AE12+上本町!AE12+東大阪!AE12+橿原!AE12+京都!AE12+洛西!AE12+和歌山!AE12+守口!AE12+枚方!AE12+なんば!AE12+堺!AE12+泉北!AE12+岡山!AE12+うめ阪!AE12+宝塚!AE12+神戸阪!AE12+千里!AE12+京橋!AE12+川西!AE12+須磨!AE12+名古屋!AE12+小倉!AE12+くずは!AE12+流山!AE12+新宿!AE12+川崎!AE12+松山!AE12+東京!AE12+池東武!AE12+西宮!AE12+横浜!AE12+あまが!AE12+梅大丸!AE12+柏!AE12+神大丸!AE12+栄!AE12+上野!AE12+はか阪!AE12+高槻!AE12+梅阪神!AE12 -> 3895 | H12: =あべの!AF12+上本町!AF12+東大阪!AF12+橿原!AF12+京都!AF12+洛西!AF12+和歌山!AF12+守口!AF12+枚方!AF12+なんば!AF12+堺!AF12+泉北!AF12+岡山!AF12+うめ阪!AF12+宝塚!AF12+神戸阪!AF12+千里!AF12+京橋!AF12+川西!AF12+須磨!AF12+名古屋!AF12+小倉!AF12+くずは!AF12+流山!AF12+新宿!AF12+川崎!AF12+松山!AF12+東京!AF12+池東武!AF12+西宮!AF12+横浜!AF12+あまが!AF12+梅大丸!AF12+柏!AF12+神大丸!AF12+栄!AF12+上野!AF12+はか阪!AF12+高槻!AF12+梅阪神!AF12 -> 4196368 | I12: =あべの!AG12+上本町!AG12+東大阪!AG12+橿原!AG12+京都!AG12+洛西!AG12+和歌山!AG12+守口!AG12+枚方!AG12+なんば!AG12+堺!AG12+泉北!AG12+岡山!AG12+うめ阪!AG12+宝塚!AG12+神戸阪!AG12+千里!AG12+京橋!AG12+川西!AG12+須磨!AG12+名古屋!AG12+小倉!AG12+くずは!AG12+流山!AG12+新宿!AG12+川崎!AG12+松山!AG12+東京!AG12+池東武!AG12+西宮!AG12+横浜!AG12+あまが!AG12+梅大丸!AG12+柏!AG12+神大丸!AG12+栄!AG12+上野!AG12+はか阪!AG12+高槻!AG12+梅阪神!AG12 -> 620 | J12: =あべの!AH12+上本町!AH12+東大阪!AH12+橿原!AH12+京都!AH12+洛西!AH12+和歌山!AH12+守口!AH12+枚方!AH12+なんば!AH12+堺!AH12+泉北!AH12+岡山!AH12+うめ阪!AH12+宝塚!AH12+神戸阪!AH12+千里!AH12+京橋!AH12+川西!AH12+須磨!AH12+名古屋!AH12+小倉!AH12+くずは!AH12+流山!AH12+新宿!AH12+川崎!AH12+松山!AH12+東京!AH12+池東武!AH12+西宮!AH12+横浜!AH12+あまが!AH12+梅大丸!AH12+柏!AH12+神大丸!AH12+栄!AH12+上野!AH12+はか阪!AH12+高槻!AH12+梅阪神!AH12 -> 13
A13: 46091 | B13: 火 | C13: =あべの!AA13+上本町!AA13+東大阪!AA13+橿原!AA13+京都!AA13+洛西!AA13+和歌山!AA13+守口!AA13+枚方!AA13+なんば!AA13+堺!AA13+泉北!AA13+岡山!AA13+うめ阪!AA13+宝塚!AA13+神戸阪!AA13+千里!AA13+京橋!AA13+川西!AA13+須磨!AA13+名古屋!AA13+小倉!AA13+くずは!AA13+流山!AA13+新宿!AA13+川崎!AA13+松山!AA13+東京!AA13+池東武!AA13+西宮!AA13+横浜!AA13+あまが!AA13+梅大丸!AA13+柏!AA13+神大丸!AA13+栄!AA13+上野!AA13+はか阪!AA13+高槻!AA13+梅阪神!AA13 -> 1113 | D13: =あべの!AB13+上本町!AB13+東大阪!AB13+橿原!AB13+京都!AB13+洛西!AB13+和歌山!AB13+守口!AB13+枚方!AB13+なんば!AB13+堺!AB13+泉北!AB13+岡山!AB13+うめ阪!AB13+宝塚!AB13+神戸阪!AB13+千里!AB13+京橋!AB13+川西!AB13+須磨!AB13+名古屋!AB13+小倉!AB13+くずは!AB13+流山!AB13+新宿!AB13+川崎!AB13+松山!AB13+東京!AB13+池東武!AB13+西宮!AB13+横浜!AB13+あまが!AB13+梅大丸!AB13+柏!AB13+神大丸!AB13+栄!AB13+上野!AB13+はか阪!AB13+高槻!AB13+梅阪神!AB13 -> 1217241 | E13: =あべの!AC13+上本町!AC13+東大阪!AC13+橿原!AC13+京都!AC13+洛西!AC13+和歌山!AC13+守口!AC13+枚方!AC13+なんば!AC13+堺!AC13+泉北!AC13+岡山!AC13+うめ阪!AC13+宝塚!AC13+神戸阪!AC13+千里!AC13+京橋!AC13+川西!AC13+須磨!AC13+名古屋!AC13+小倉!AC13+くずは!AC13+流山!AC13+新宿!AC13+川崎!AC13+松山!AC13+東京!AC13+池東武!AC13+西宮!AC13+横浜!AC13+あまが!AC13+梅大丸!AC13+柏!AC13+神大丸!AC13+栄!AC13+上野!AC13+はか阪!AC13+高槻!AC13+梅阪神!AC13 -> 2936 | F13: =あべの!AD13+上本町!AD13+東大阪!AD13+橿原!AD13+京都!AD13+洛西!AD13+和歌山!AD13+守口!AD13+枚方!AD13+なんば!AD13+堺!AD13+泉北!AD13+岡山!AD13+うめ阪!AD13+宝塚!AD13+神戸阪!AD13+千里!AD13+京橋!AD13+川西!AD13+須磨!AD13+名古屋!AD13+小倉!AD13+くずは!AD13+流山!AD13+新宿!AD13+川崎!AD13+松山!AD13+東京!AD13+池東武!AD13+西宮!AD13+横浜!AD13+あまが!AD13+梅大丸!AD13+柏!AD13+神大丸!AD13+栄!AD13+上野!AD13+はか阪!AD13+高槻!AD13+梅阪神!AD13 -> 3347216 | G13: =あべの!AE13+上本町!AE13+東大阪!AE13+橿原!AE13+京都!AE13+洛西!AE13+和歌山!AE13+守口!AE13+枚方!AE13+なんば!AE13+堺!AE13+泉北!AE13+岡山!AE13+うめ阪!AE13+宝塚!AE13+神戸阪!AE13+千里!AE13+京橋!AE13+川西!AE13+須磨!AE13+名古屋!AE13+小倉!AE13+くずは!AE13+流山!AE13+新宿!AE13+川崎!AE13+松山!AE13+東京!AE13+池東武!AE13+西宮!AE13+横浜!AE13+あまが!AE13+梅大丸!AE13+柏!AE13+神大丸!AE13+栄!AE13+上野!AE13+はか阪!AE13+高槻!AE13+梅阪神!AE13 -> 4258 | H13: =あべの!AF13+上本町!AF13+東大阪!AF13+橿原!AF13+京都!AF13+洛西!AF13+和歌山!AF13+守口!AF13+枚方!AF13+なんば!AF13+堺!AF13+泉北!AF13+岡山!AF13+うめ阪!AF13+宝塚!AF13+神戸阪!AF13+千里!AF13+京橋!AF13+川西!AF13+須磨!AF13+名古屋!AF13+小倉!AF13+くずは!AF13+流山!AF13+新宿!AF13+川崎!AF13+松山!AF13+東京!AF13+池東武!AF13+西宮!AF13+横浜!AF13+あまが!AF13+梅大丸!AF13+柏!AF13+神大丸!AF13+栄!AF13+上野!AF13+はか阪!AF13+高槻!AF13+梅阪神!AF13 -> 4601623 | I13: =あべの!AG13+上本町!AG13+東大阪!AG13+橿原!AG13+京都!AG13+洛西!AG13+和歌山!AG13+守口!AG13+枚方!AG13+なんば!AG13+堺!AG13+泉北!AG13+岡山!AG13+うめ阪!AG13+宝塚!AG13+神戸阪!AG13+千里!AG13+京橋!AG13+川西!AG13+須磨!AG13+名古屋!AG13+小倉!AG13+くずは!AG13+流山!AG13+新宿!AG13+川崎!AG13+松山!AG13+東京!AG13+池東武!AG13+西宮!AG13+横浜!AG13+あまが!AG13+梅大丸!AG13+柏!AG13+神大丸!AG13+栄!AG13+上野!AG13+はか阪!AG13+高槻!AG13+梅阪神!AG13 -> 658 | J13: =あべの!AH13+上本町!AH13+東大阪!AH13+橿原!AH13+京都!AH13+洛西!AH13+和歌山!AH13+守口!AH13+枚方!AH13+なんば!AH13+堺!AH13+泉北!AH13+岡山!AH13+うめ阪!AH13+宝塚!AH13+神戸阪!AH13+千里!AH13+京橋!AH13+川西!AH13+須磨!AH13+名古屋!AH13+小倉!AH13+くずは!AH13+流山!AH13+新宿!AH13+川崎!AH13+松山!AH13+東京!AH13+池東武!AH13+西宮!AH13+横浜!AH13+あまが!AH13+梅大丸!AH13+柏!AH13+神大丸!AH13+栄!AH13+上野!AH13+はか阪!AH13+高槻!AH13+梅阪神!AH13 -> 17
A14: 46092 | B14: 水 | C14: =あべの!AA14+上本町!AA14+東大阪!AA14+橿原!AA14+京都!AA14+洛西!AA14+和歌山!AA14+守口!AA14+枚方!AA14+なんば!AA14+堺!AA14+泉北!AA14+岡山!AA14+うめ阪!AA14+宝塚!AA14+神戸阪!AA14+千里!AA14+京橋!AA14+川西!AA14+須磨!AA14+名古屋!AA14+小倉!AA14+くずは!AA14+流山!AA14+新宿!AA14+川崎!AA14+松山!AA14+東京!AA14+池東武!AA14+西宮!AA14+横浜!AA14+あまが!AA14+梅大丸!AA14+柏!AA14+神大丸!AA14+栄!AA14+上野!AA14+はか阪!AA14+高槻!AA14+梅阪神!AA14 -> 1148 | D14: =あべの!AB14+上本町!AB14+東大阪!AB14+橿原!AB14+京都!AB14+洛西!AB14+和歌山!AB14+守口!AB14+枚方!AB14+なんば!AB14+堺!AB14+泉北!AB14+岡山!AB14+うめ阪!AB14+宝塚!AB14+神戸阪!AB14+千里!AB14+京橋!AB14+川西!AB14+須磨!AB14+名古屋!AB14+小倉!AB14+くずは!AB14+流山!AB14+新宿!AB14+川崎!AB14+松山!AB14+東京!AB14+池東武!AB14+西宮!AB14+横浜!AB14+あまが!AB14+梅大丸!AB14+柏!AB14+神大丸!AB14+栄!AB14+上野!AB14+はか阪!AB14+高槻!AB14+梅阪神!AB14 -> 1285580 | E14: =あべの!AC14+上本町!AC14+東大阪!AC14+橿原!AC14+京都!AC14+洛西!AC14+和歌山!AC14+守口!AC14+枚方!AC14+なんば!AC14+堺!AC14+泉北!AC14+岡山!AC14+うめ阪!AC14+宝塚!AC14+神戸阪!AC14+千里!AC14+京橋!AC14+川西!AC14+須磨!AC14+名古屋!AC14+小倉!AC14+くずは!AC14+流山!AC14+新宿!AC14+川崎!AC14+松山!AC14+東京!AC14+池東武!AC14+西宮!AC14+横浜!AC14+あまが!AC14+梅大丸!AC14+柏!AC14+神大丸!AC14+栄!AC14+上野!AC14+はか阪!AC14+高槻!AC14+梅阪神!AC14 -> 3089 | F14: =あべの!AD14+上本町!AD14+東大阪!AD14+橿原!AD14+京都!AD14+洛西!AD14+和歌山!AD14+守口!AD14+枚方!AD14+なんば!AD14+堺!AD14+泉北!AD14+岡山!AD14+うめ阪!AD14+宝塚!AD14+神戸阪!AD14+千里!AD14+京橋!AD14+川西!AD14+須磨!AD14+名古屋!AD14+小倉!AD14+くずは!AD14+流山!AD14+新宿!AD14+川崎!AD14+松山!AD14+東京!AD14+池東武!AD14+西宮!AD14+横浜!AD14+あまが!AD14+梅大丸!AD14+柏!AD14+神大丸!AD14+栄!AD14+上野!AD14+はか阪!AD14+高槻!AD14+梅阪神!AD14 -> 3327014 | G14: =あべの!AE14+上本町!AE14+東大阪!AE14+橿原!AE14+京都!AE14+洛西!AE14+和歌山!AE14+守口!AE14+枚方!AE14+なんば!AE14+堺!AE14+泉北!AE14+岡山!AE14+うめ阪!AE14+宝塚!AE14+神戸阪!AE14+千里!AE14+京橋!AE14+川西!AE14+須磨!AE14+名古屋!AE14+小倉!AE14+くずは!AE14+流山!AE14+新宿!AE14+川崎!AE14+松山!AE14+東京!AE14+池東武!AE14+西宮!AE14+横浜!AE14+あまが!AE14+梅大丸!AE14+柏!AE14+神大丸!AE14+栄!AE14+上野!AE14+はか阪!AE14+高槻!AE14+梅阪神!AE14 -> 4393 | H14: =あべの!AF14+上本町!AF14+東大阪!AF14+橿原!AF14+京都!AF14+洛西!AF14+和歌山!AF14+守口!AF14+枚方!AF14+なんば!AF14+堺!AF14+泉北!AF14+岡山!AF14+うめ阪!AF14+宝塚!AF14+神戸阪!AF14+千里!AF14+京橋!AF14+川西!AF14+須磨!AF14+名古屋!AF14+小倉!AF14+くずは!AF14+流山!AF14+新宿!AF14+川崎!AF14+松山!AF14+東京!AF14+池東武!AF14+西宮!AF14+横浜!AF14+あまが!AF14+梅大丸!AF14+柏!AF14+神大丸!AF14+栄!AF14+上野!AF14+はか阪!AF14+高槻!AF14+梅阪神!AF14 -> 4682298 | I14: =あべの!AG14+上本町!AG14+東大阪!AG14+橿原!AG14+京都!AG14+洛西!AG14+和歌山!AG14+守口!AG14+枚方!AG14+なんば!AG14+堺!AG14+泉北!AG14+岡山!AG14+うめ阪!AG14+宝塚!AG14+神戸阪!AG14+千里!AG14+京橋!AG14+川西!AG14+須磨!AG14+名古屋!AG14+小倉!AG14+くずは!AG14+流山!AG14+新宿!AG14+川崎!AG14+松山!AG14+東京!AG14+池東武!AG14+西宮!AG14+横浜!AG14+あまが!AG14+梅大丸!AG14+柏!AG14+神大丸!AG14+栄!AG14+上野!AG14+はか阪!AG14+高槻!AG14+梅阪神!AG14 -> 645 | J14: =あべの!AH14+上本町!AH14+東大阪!AH14+橿原!AH14+京都!AH14+洛西!AH14+和歌山!AH14+守口!AH14+枚方!AH14+なんば!AH14+堺!AH14+泉北!AH14+岡山!AH14+うめ阪!AH14+宝塚!AH14+神戸阪!AH14+千里!AH14+京橋!AH14+川西!AH14+須磨!AH14+名古屋!AH14+小倉!AH14+くずは!AH14+流山!AH14+新宿!AH14+川崎!AH14+松山!AH14+東京!AH14+池東武!AH14+西宮!AH14+横浜!AH14+あまが!AH14+梅大丸!AH14+柏!AH14+神大丸!AH14+栄!AH14+上野!AH14+はか阪!AH14+高槻!AH14+梅阪神!AH14 -> 12
A15: 46093 | B15: 木 | C15: =あべの!AA15+上本町!AA15+東大阪!AA15+橿原!AA15+京都!AA15+洛西!AA15+和歌山!AA15+守口!AA15+枚方!AA15+なんば!AA15+堺!AA15+泉北!AA15+岡山!AA15+うめ阪!AA15+宝塚!AA15+神戸阪!AA15+千里!AA15+京橋!AA15+川西!AA15+須磨!AA15+名古屋!AA15+小倉!AA15+くずは!AA15+流山!AA15+新宿!AA15+川崎!AA15+松山!AA15+東京!AA15+池東武!AA15+西宮!AA15+横浜!AA15+あまが!AA15+梅大丸!AA15+柏!AA15+神大丸!AA15+栄!AA15+上野!AA15+はか阪!AA15+高槻!AA15+梅阪神!AA15 -> 1034 | D15: =あべの!AB15+上本町!AB15+東大阪!AB15+橿原!AB15+京都!AB15+洛西!AB15+和歌山!AB15+守口!AB15+枚方!AB15+なんば!AB15+堺!AB15+泉北!AB15+岡山!AB15+うめ阪!AB15+宝塚!AB15+神戸阪!AB15+千里!AB15+京橋!AB15+川西!AB15+須磨!AB15+名古屋!AB15+小倉!AB15+くずは!AB15+流山!AB15+新宿!AB15+川崎!AB15+松山!AB15+東京!AB15+池東武!AB15+西宮!AB15+横浜!AB15+あまが!AB15+梅大丸!AB15+柏!AB15+神大丸!AB15+栄!AB15+上野!AB15+はか阪!AB15+高槻!AB15+梅阪神!AB15 -> 1166317 | E15: =あべの!AC15+上本町!AC15+東大阪!AC15+橿原!AC15+京都!AC15+洛西!AC15+和歌山!AC15+守口!AC15+枚方!AC15+なんば!AC15+堺!AC15+泉北!AC15+岡山!AC15+うめ阪!AC15+宝塚!AC15+神戸阪!AC15+千里!AC15+京橋!AC15+川西!AC15+須磨!AC15+名古屋!AC15+小倉!AC15+くずは!AC15+流山!AC15+新宿!AC15+川崎!AC15+松山!AC15+東京!AC15+池東武!AC15+西宮!AC15+横浜!AC15+あまが!AC15+梅大丸!AC15+柏!AC15+神大丸!AC15+栄!AC15+上野!AC15+はか阪!AC15+高槻!AC15+梅阪神!AC15 -> 2916 | F15: =あべの!AD15+上本町!AD15+東大阪!AD15+橿原!AD15+京都!AD15+洛西!AD15+和歌山!AD15+守口!AD15+枚方!AD15+なんば!AD15+堺!AD15+泉北!AD15+岡山!AD15+うめ阪!AD15+宝塚!AD15+神戸阪!AD15+千里!AD15+京橋!AD15+川西!AD15+須磨!AD15+名古屋!AD15+小倉!AD15+くずは!AD15+流山!AD15+新宿!AD15+川崎!AD15+松山!AD15+東京!AD15+池東武!AD15+西宮!AD15+横浜!AD15+あまが!AD15+梅大丸!AD15+柏!AD15+神大丸!AD15+栄!AD15+上野!AD15+はか阪!AD15+高槻!AD15+梅阪神!AD15 -> 3178136 | G15: =あべの!AE15+上本町!AE15+東大阪!AE15+橿原!AE15+京都!AE15+洛西!AE15+和歌山!AE15+守口!AE15+枚方!AE15+なんば!AE15+堺!AE15+泉北!AE15+岡山!AE15+うめ阪!AE15+宝塚!AE15+神戸阪!AE15+千里!AE15+京橋!AE15+川西!AE15+須磨!AE15+名古屋!AE15+小倉!AE15+くずは!AE15+流山!AE15+新宿!AE15+川崎!AE15+松山!AE15+東京!AE15+池東武!AE15+西宮!AE15+横浜!AE15+あまが!AE15+梅大丸!AE15+柏!AE15+神大丸!AE15+栄!AE15+上野!AE15+はか阪!AE15+高槻!AE15+梅阪神!AE15 -> 4323 | H15: =あべの!AF15+上本町!AF15+東大阪!AF15+橿原!AF15+京都!AF15+洛西!AF15+和歌山!AF15+守口!AF15+枚方!AF15+なんば!AF15+堺!AF15+泉北!AF15+岡山!AF15+うめ阪!AF15+宝塚!AF15+神戸阪!AF15+千里!AF15+京橋!AF15+川西!AF15+須磨!AF15+名古屋!AF15+小倉!AF15+くずは!AF15+流山!AF15+新宿!AF15+川崎!AF15+松山!AF15+東京!AF15+池東武!AF15+西宮!AF15+横浜!AF15+あまが!AF15+梅大丸!AF15+柏!AF15+神大丸!AF15+栄!AF15+上野!AF15+はか阪!AF15+高槻!AF15+梅阪神!AF15 -> 4663628 | I15: =あべの!AG15+上本町!AG15+東大阪!AG15+橿原!AG15+京都!AG15+洛西!AG15+和歌山!AG15+守口!AG15+枚方!AG15+なんば!AG15+堺!AG15+泉北!AG15+岡山!AG15+うめ阪!AG15+宝塚!AG15+神戸阪!AG15+千里!AG15+京橋!AG15+川西!AG15+須磨!AG15+名古屋!AG15+小倉!AG15+くずは!AG15+流山!AG15+新宿!AG15+川崎!AG15+松山!AG15+東京!AG15+池東武!AG15+西宮!AG15+横浜!AG15+あまが!AG15+梅大丸!AG15+柏!AG15+神大丸!AG15+栄!AG15+上野!AG15+はか阪!AG15+高槻!AG15+梅阪神!AG15 -> 583 | J15: =あべの!AH15+上本町!AH15+東大阪!AH15+橿原!AH15+京都!AH15+洛西!AH15+和歌山!AH15+守口!AH15+枚方!AH15+なんば!AH15+堺!AH15+泉北!AH15+岡山!AH15+うめ阪!AH15+宝塚!AH15+神戸阪!AH15+千里!AH15+京橋!AH15+川西!AH15+須磨!AH15+名古屋!AH15+小倉!AH15+くずは!AH15+流山!AH15+新宿!AH15+川崎!AH15+松山!AH15+東京!AH15+池東武!AH15+西宮!AH15+横浜!AH15+あまが!AH15+梅大丸!AH15+柏!AH15+神大丸!AH15+栄!AH15+上野!AH15+はか阪!AH15+高槻!AH15+梅阪神!AH15 -> 21
... A30: 46108 | B30: 金 | C30: =あべの!AA30+上本町!AA30+東大阪!AA30+橿原!AA30+京都!AA30+洛西!AA30+和歌山!AA30+守口!AA30+枚方!AA30+なんば!AA30+堺!AA30+泉北!AA30+岡山!AA30+うめ阪!AA30+宝塚!AA30+神戸阪!AA30+千里!AA30+京橋!AA30+川西!AA30+須磨!AA30+名古屋!AA30+小倉!AA30+くずは!AA30+流山!AA30+新宿!AA30+川崎!AA30+松山!AA30+東京!AA30+池東武!AA30+西宮!AA30+横浜!AA30+あまが!AA30+梅大丸!AA30+柏!AA30+神大丸!AA30+栄!AA30+上野!AA30+はか阪!AA30+高槻!AA30+梅阪神!AA30 -> 1046 | D30: =あべの!AB30+上本町!AB30+東大阪!AB30+橿原!AB30+京都!AB30+洛西!AB30+和歌山!AB30+守口!AB30+枚方!AB30+なんば!AB30+堺!AB30+泉北!AB30+岡山!AB30+うめ阪!AB30+宝塚!AB30+神戸阪!AB30+千里!AB30+京橋!AB30+川西!AB30+須磨!AB30+名古屋!AB30+小倉!AB30+くずは!AB30+流山!AB30+新宿!AB30+川崎!AB30+松山!AB30+東京!AB30+池東武!AB30+西宮!AB30+横浜!AB30+あまが!AB30+梅大丸!AB30+柏!AB30+神大丸!AB30+栄!AB30+上野!AB30+はか阪!AB30+高槻!AB30+梅阪神!AB30 -> 1119425 | E30: =あべの!AC30+上本町!AC30+東大阪!AC30+橿原!AC30+京都!AC30+洛西!AC30+和歌山!AC30+守口!AC30+枚方!AC30+なんば!AC30+堺!AC30+泉北!AC30+岡山!AC30+うめ阪!AC30+宝塚!AC30+神戸阪!AC30+千里!AC30+京橋!AC30+川西!AC30+須磨!AC30+名古屋!AC30+小倉!AC30+くずは!AC30+流山!AC30+新宿!AC30+川崎!AC30+松山!AC30+東京!AC30+池東武!AC30+西宮!AC30+横浜!AC30+あまが!AC30+梅大丸!AC30+柏!AC30+神大丸!AC30+栄!AC30+上野!AC30+はか阪!AC30+高槻!AC30+梅阪神!AC30 -> 2954 | F30: =あべの!AD30+上本町!AD30+東大阪!AD30+橿原!AD30+京都!AD30+洛西!AD30+和歌山!AD30+守口!AD30+枚方!AD30+なんば!AD30+堺!AD30+泉北!AD30+岡山!AD30+うめ阪!AD30+宝塚!AD30+神戸阪!AD30+千里!AD30+京橋!AD30+川西!AD30+須磨!AD30+名古屋!AD30+小倉!AD30+くずは!AD30+流山!AD30+新宿!AD30+川崎!AD30+松山!AD30+東京!AD30+池東武!AD30+西宮!AD30+横浜!AD30+あまが!AD30+梅大丸!AD30+柏!AD30+神大丸!AD30+栄!AD30+上野!AD30+はか阪!AD30+高槻!AD30+梅阪神!AD30 -> 3185207 | G30: =あべの!AE30+上本町!AE30+東大阪!AE30+橿原!AE30+京都!AE30+洛西!AE30+和歌山!AE30+守口!AE30+枚方!AE30+なんば!AE30+堺!AE30+泉北!AE30+岡山!AE30+うめ阪!AE30+宝塚!AE30+神戸阪!AE30+千里!AE30+京橋!AE30+川西!AE30+須磨!AE30+名古屋!AE30+小倉!AE30+くずは!AE30+流山!AE30+新宿!AE30+川崎!AE30+松山!AE30+東京!AE30+池東武!AE30+西宮!AE30+横浜!AE30+あまが!AE30+梅大丸!AE30+柏!AE30+神大丸!AE30+栄!AE30+上野!AE30+はか阪!AE30+高槻!AE30+梅阪神!AE30 -> 4380 | H30: =あべの!AF30+上本町!AF30+東大阪!AF30+橿原!AF30+京都!AF30+洛西!AF30+和歌山!AF30+守口!AF30+枚方!AF30+なんば!AF30+堺!AF30+泉北!AF30+岡山!AF30+うめ阪!AF30+宝塚!AF30+神戸阪!AF30+千里!AF30+京橋!AF30+川西!AF30+須磨!AF30+名古屋!AF30+小倉!AF30+くずは!AF30+流山!AF30+新宿!AF30+川崎!AF30+松山!AF30+東京!AF30+池東武!AF30+西宮!AF30+横浜!AF30+あまが!AF30+梅大丸!AF30+柏!AF30+神大丸!AF30+栄!AF30+上野!AF30+はか阪!AF30+高槻!AF30+梅阪神!AF30 -> 4669128 | I30: =あべの!AG30+上本町!AG30+東大阪!AG30+橿原!AG30+京都!AG30+洛西!AG30+和歌山!AG30+守口!AG30+枚方!AG30+なんば!AG30+堺!AG30+泉北!AG30+岡山!AG30+うめ阪!AG30+宝塚!AG30+神戸阪!AG30+千里!AG30+京橋!AG30+川西!AG30+須磨!AG30+名古屋!AG30+小倉!AG30+くずは!AG30+流山!AG30+新宿!AG30+川崎!AG30+松山!AG30+東京!AG30+池東武!AG30+西宮!AG30+横浜!AG30+あまが!AG30+梅大丸!AG30+柏!AG30+神大丸!AG30+栄!AG30+上野!AG30+はか阪!AG30+高槻!AG30+梅阪神!AG30 -> 586 | J30: =あべの!AH30+上本町!AH30+東大阪!AH30+橿原!AH30+京都!AH30+洛西!AH30+和歌山!AH30+守口!AH30+枚方!AH30+なんば!AH30+堺!AH30+泉北!AH30+岡山!AH30+うめ阪!AH30+宝塚!AH30+神戸阪!AH30+千里!AH30+京橋!AH30+川西!AH30+須磨!AH30+名古屋!AH30+小倉!AH30+くずは!AH30+流山!AH30+新宿!AH30+川崎!AH30+松山!AH30+東京!AH30+池東武!AH30+西宮!AH30+横浜!AH30+あまが!AH30+梅大丸!AH30+柏!AH30+神大丸!AH30+栄!AH30+上野!AH30+はか阪!AH30+高槻!AH30+梅阪神!AH30 -> 6
A31: 46109 | B31: 土 | C31: =あべの!AA31+上本町!AA31+東大阪!AA31+橿原!AA31+京都!AA31+洛西!AA31+和歌山!AA31+守口!AA31+枚方!AA31+なんば!AA31+堺!AA31+泉北!AA31+岡山!AA31+うめ阪!AA31+宝塚!AA31+神戸阪!AA31+千里!AA31+京橋!AA31+川西!AA31+須磨!AA31+名古屋!AA31+小倉!AA31+くずは!AA31+流山!AA31+新宿!AA31+川崎!AA31+松山!AA31+東京!AA31+池東武!AA31+西宮!AA31+横浜!AA31+あまが!AA31+梅大丸!AA31+柏!AA31+神大丸!AA31+栄!AA31+上野!AA31+はか阪!AA31+高槻!AA32+梅阪神!AA31 -> 1159 | D31: =あべの!AB31+上本町!AB31+東大阪!AB31+橿原!AB31+京都!AB31+洛西!AB31+和歌山!AB31+守口!AB31+枚方!AB31+なんば!AB31+堺!AB31+泉北!AB31+岡山!AB31+うめ阪!AB31+宝塚!AB31+神戸阪!AB31+千里!AB31+京橋!AB31+川西!AB31+須磨!AB31+名古屋!AB31+小倉!AB31+くずは!AB31+流山!AB31+新宿!AB31+川崎!AB31+松山!AB31+東京!AB31+池東武!AB31+西宮!AB31+横浜!AB31+あまが!AB31+梅大丸!AB31+柏!AB31+神大丸!AB31+栄!AB31+上野!AB31+はか阪!AB31+高槻!AB32+梅阪神!AB31 -> 1306009 | E31: =あべの!AC31+上本町!AC31+東大阪!AC31+橿原!AC31+京都!AC31+洛西!AC31+和歌山!AC31+守口!AC31+枚方!AC31+なんば!AC31+堺!AC31+泉北!AC31+岡山!AC31+うめ阪!AC31+宝塚!AC31+神戸阪!AC31+千里!AC31+京橋!AC31+川西!AC31+須磨!AC31+名古屋!AC31+小倉!AC31+くずは!AC31+流山!AC31+新宿!AC31+川崎!AC31+松山!AC31+東京!AC31+池東武!AC31+西宮!AC31+横浜!AC31+あまが!AC31+梅大丸!AC31+柏!AC31+神大丸!AC31+栄!AC31+上野!AC31+はか阪!AC31+高槻!AC32+梅阪神!AC31 -> 3085 | F31: =あべの!AD31+上本町!AD31+東大阪!AD31+橿原!AD31+京都!AD31+洛西!AD31+和歌山!AD31+守口!AD31+枚方!AD31+なんば!AD31+堺!AD31+泉北!AD31+岡山!AD31+うめ阪!AD31+宝塚!AD31+神戸阪!AD31+千里!AD31+京橋!AD31+川西!AD31+須磨!AD31+名古屋!AD31+小倉!AD31+くずは!AD31+流山!AD31+新宿!AD31+川崎!AD31+松山!AD31+東京!AD31+池東武!AD31+西宮!AD31+横浜!AD31+あまが!AD31+梅大丸!AD31+柏!AD31+神大丸!AD31+栄!AD31+上野!AD31+はか阪!AD31+高槻!AD32+梅阪神!AD31 -> 3359084 | G31: =あべの!AE31+上本町!AE31+東大阪!AE31+橿原!AE31+京都!AE31+洛西!AE31+和歌山!AE31+守口!AE31+枚方!AE31+なんば!AE31+堺!AE31+泉北!AE31+岡山!AE31+うめ阪!AE31+宝塚!AE31+神戸阪!AE31+千里!AE31+京橋!AE31+川西!AE31+須磨!AE31+名古屋!AE31+小倉!AE31+くずは!AE31+流山!AE31+新宿!AE31+川崎!AE31+松山!AE31+東京!AE31+池東武!AE31+西宮!AE31+横浜!AE31+あまが!AE31+梅大丸!AE31+柏!AE31+神大丸!AE31+栄!AE31+上野!AE31+はか阪!AE31+高槻!AE32+梅阪神!AE31 -> 4407 | H31: =あべの!AF31+上本町!AF31+東大阪!AF31+橿原!AF31+京都!AF31+洛西!AF31+和歌山!AF31+守口!AF31+枚方!AF31+なんば!AF31+堺!AF31+泉北!AF31+岡山!AF31+うめ阪!AF31+宝塚!AF31+神戸阪!AF31+千里!AF31+京橋!AF31+川西!AF31+須磨!AF31+名古屋!AF31+小倉!AF31+くずは!AF31+流山!AF31+新宿!AF31+川崎!AF31+松山!AF31+東京!AF31+池東武!AF31+西宮!AF31+横浜!AF31+あまが!AF31+梅大丸!AF31+柏!AF31+神大丸!AF31+栄!AF31+上野!AF31+はか阪!AF31+高槻!AF32+梅阪神!AF31 -> 4638018 | I31: =あべの!AG31+上本町!AG31+東大阪!AG31+橿原!AG31+京都!AG31+洛西!AG31+和歌山!AG31+守口!AG31+枚方!AG31+なんば!AG31+堺!AG31+泉北!AG31+岡山!AG31+うめ阪!AG31+宝塚!AG31+神戸阪!AG31+千里!AG31+京橋!AG31+川西!AG31+須磨!AG31+名古屋!AG31+小倉!AG31+くずは!AG31+流山!AG31+新宿!AG31+川崎!AG31+松山!AG31+東京!AG31+池東武!AG31+西宮!AG31+横浜!AG31+あまが!AG31+梅大丸!AG31+柏!AG31+神大丸!AG31+栄!AG31+上野!AG31+はか阪!AG31+高槻!AG32+梅阪神!AG31 -> 603 | J31: =あべの!AH31+上本町!AH31+東大阪!AH31+橿原!AH31+京都!AH31+洛西!AH31+和歌山!AH31+守口!AH31+枚方!AH31+なんば!AH31+堺!AH31+泉北!AH31+岡山!AH31+うめ阪!AH31+宝塚!AH31+神戸阪!AH31+千里!AH31+京橋!AH31+川西!AH31+須磨!AH31+名古屋!AH31+小倉!AH31+くずは!AH31+流山!AH31+新宿!AH31+川崎!AH31+松山!AH31+東京!AH31+池東武!AH31+西宮!AH31+横浜!AH31+あまが!AH31+梅大丸!AH31+柏!AH31+神大丸!AH31+栄!AH31+上野!AH31+はか阪!AH31+高槻!AH32+梅阪神!AH31 -> 24
A32: 46110 | B32: 日 | C32: =あべの!AA32+上本町!AA32+東大阪!AA32+橿原!AA32+京都!AA32+洛西!AA32+和歌山!AA32+守口!AA32+枚方!AA32+なんば!AA32+堺!AA32+泉北!AA32+岡山!AA32+うめ阪!AA32+宝塚!AA32+神戸阪!AA32+千里!AA32+京橋!AA32+川西!AA32+須磨!AA32+名古屋!AA32+小倉!AA32+くずは!AA32+流山!AA32+新宿!AA32+川崎!AA32+松山!AA32+東京!AA32+池東武!AA32+西宮!AA32+横浜!AA32+あまが!AA32+梅大丸!AA32+柏!AA32+神大丸!AA32+栄!AA32+上野!AA32+はか阪!AA32+高槻!AA31+梅阪神!AA32 -> 1289 | D32: =あべの!AB32+上本町!AB32+東大阪!AB32+橿原!AB32+京都!AB32+洛西!AB32+和歌山!AB32+守口!AB32+枚方!AB32+なんば!AB32+堺!AB32+泉北!AB32+岡山!AB32+うめ阪!AB32+宝塚!AB32+神戸阪!AB32+千里!AB32+京橋!AB32+川西!AB32+須磨!AB32+名古屋!AB32+小倉!AB32+くずは!AB32+流山!AB32+新宿!AB32+川崎!AB32+松山!AB32+東京!AB32+池東武!AB32+西宮!AB32+横浜!AB32+あまが!AB32+梅大丸!AB32+柏!AB32+神大丸!AB32+栄!AB32+上野!AB32+はか阪!AB32+高槻!AB31+梅阪神!AB32 -> 1431357 | E32: =あべの!AC32+上本町!AC32+東大阪!AC32+橿原!AC32+京都!AC32+洛西!AC32+和歌山!AC32+守口!AC32+枚方!AC32+なんば!AC32+堺!AC32+泉北!AC32+岡山!AC32+うめ阪!AC32+宝塚!AC32+神戸阪!AC32+千里!AC32+京橋!AC32+川西!AC32+須磨!AC32+名古屋!AC32+小倉!AC32+くずは!AC32+流山!AC32+新宿!AC32+川崎!AC32+松山!AC32+東京!AC32+池東武!AC32+西宮!AC32+横浜!AC32+あまが!AC32+梅大丸!AC32+柏!AC32+神大丸!AC32+栄!AC32+上野!AC32+はか阪!AC32+高槻!AC31+梅阪神!AC32 -> 3205 | F32: =あべの!AD32+上本町!AD32+東大阪!AD32+橿原!AD32+京都!AD32+洛西!AD32+和歌山!AD32+守口!AD32+枚方!AD32+なんば!AD32+堺!AD32+泉北!AD32+岡山!AD32+うめ阪!AD32+宝塚!AD32+神戸阪!AD32+千里!AD32+京橋!AD32+川西!AD32+須磨!AD32+名古屋!AD32+小倉!AD32+くずは!AD32+流山!AD32+新宿!AD32+川崎!AD32+松山!AD32+東京!AD32+池東武!AD32+西宮!AD32+横浜!AD32+あまが!AD32+梅大丸!AD32+柏!AD32+神大丸!AD32+栄!AD32+上野!AD32+はか阪!AD32+高槻!AD31+梅阪神!AD32 -> 3532715 | G32: =あべの!AE32+上本町!AE32+東大阪!AE32+橿原!AE32+京都!AE32+洛西!AE32+和歌山!AE32+守口!AE32+枚方!AE32+なんば!AE32+堺!AE32+泉北!AE32+岡山!AE32+うめ阪!AE32+宝塚!AE32+神戸阪!AE32+千里!AE32+京橋!AE32+川西!AE32+須磨!AE32+名古屋!AE32+小倉!AE32+くずは!AE32+流山!AE32+新宿!AE32+川崎!AE32+松山!AE32+東京!AE32+池東武!AE32+西宮!AE32+横浜!AE32+あまが!AE32+梅大丸!AE32+柏!AE32+神大丸!AE32+栄!AE32+上野!AE32+はか阪!AE32+高槻!AE31+梅阪神!AE32 -> 4677 | H32: =あべの!AF32+上本町!AF32+東大阪!AF32+橿原!AF32+京都!AF32+洛西!AF32+和歌山!AF32+守口!AF32+枚方!AF32+なんば!AF32+堺!AF32+泉北!AF32+岡山!AF32+うめ阪!AF32+宝塚!AF32+神戸阪!AF32+千里!AF32+京橋!AF32+川西!AF32+須磨!AF32+名古屋!AF32+小倉!AF32+くずは!AF32+流山!AF32+新宿!AF32+川崎!AF32+松山!AF32+東京!AF32+池東武!AF32+西宮!AF32+横浜!AF32+あまが!AF32+梅大丸!AF32+柏!AF32+神大丸!AF32+栄!AF32+上野!AF32+はか阪!AF32+高槻!AF31+梅阪神!AF32 -> 4886776 | I32: =あべの!AG32+上本町!AG32+東大阪!AG32+橿原!AG32+京都!AG32+洛西!AG32+和歌山!AG32+守口!AG32+枚方!AG32+なんば!AG32+堺!AG32+泉北!AG32+岡山!AG32+うめ阪!AG32+宝塚!AG32+神戸阪!AG32+千里!AG32+京橋!AG32+川西!AG32+須磨!AG32+名古屋!AG32+小倉!AG32+くずは!AG32+流山!AG32+新宿!AG32+川崎!AG32+松山!AG32+東京!AG32+池東武!AG32+西宮!AG32+横浜!AG32+あまが!AG32+梅大丸!AG32+柏!AG32+神大丸!AG32+栄!AG32+上野!AG32+はか阪!AG32+高槻!AG31+梅阪神!AG32 -> 533 | J32: =あべの!AH32+上本町!AH32+東大阪!AH32+橿原!AH32+京都!AH32+洛西!AH32+和歌山!AH32+守口!AH32+枚方!AH32+なんば!AH32+堺!AH32+泉北!AH32+岡山!AH32+うめ阪!AH32+宝塚!AH32+神戸阪!AH32+千里!AH32+京橋!AH32+川西!AH32+須磨!AH32+名古屋!AH32+小倉!AH32+くずは!AH32+流山!AH32+新宿!AH32+川崎!AH32+松山!AH32+東京!AH32+池東武!AH32+西宮!AH32+横浜!AH32+あまが!AH32+梅大丸!AH32+柏!AH32+神大丸!AH32+栄!AH32+上野!AH32+はか阪!AH32+高槻!AH31+梅阪神!AH32 -> 27
A33: 46111 | B33: 月 | C33: =あべの!AA33+上本町!AA33+東大阪!AA33+橿原!AA33+京都!AA33+洛西!AA33+和歌山!AA33+守口!AA33+枚方!AA33+なんば!AA33+堺!AA33+泉北!AA33+岡山!AA33+うめ阪!AA33+宝塚!AA33+神戸阪!AA33+千里!AA33+京橋!AA33+川西!AA33+須磨!AA33+名古屋!AA33+小倉!AA33+くずは!AA33+流山!AA33+新宿!AA33+川崎!AA33+松山!AA33+東京!AA33+池東武!AA33+西宮!AA33+横浜!AA33+あまが!AA33+梅大丸!AA33+柏!AA33+神大丸!AA33+栄!AA33+上野!AA33+はか阪!AA33+高槻!AA33+梅阪神!AA33 -> 1078 | D33: =あべの!AB33+上本町!AB33+東大阪!AB33+橿原!AB33+京都!AB33+洛西!AB33+和歌山!AB33+守口!AB33+枚方!AB33+なんば!AB33+堺!AB33+泉北!AB33+岡山!AB33+うめ阪!AB33+宝塚!AB33+神戸阪!AB33+千里!AB33+京橋!AB33+川西!AB33+須磨!AB33+名古屋!AB33+小倉!AB33+くずは!AB33+流山!AB33+新宿!AB33+川崎!AB33+松山!AB33+東京!AB33+池東武!AB33+西宮!AB33+横浜!AB33+あまが!AB33+梅大丸!AB33+柏!AB33+神大丸!AB33+栄!AB33+上野!AB33+はか阪!AB33+高槻!AB33+梅阪神!AB33 -> 1132790 | E33: =あべの!AC33+上本町!AC33+東大阪!AC33+橿原!AC33+京都!AC33+洛西!AC33+和歌山!AC33+守口!AC33+枚方!AC33+なんば!AC33+堺!AC33+泉北!AC33+岡山!AC33+うめ阪!AC33+宝塚!AC33+神戸阪!AC33+千里!AC33+京橋!AC33+川西!AC33+須磨!AC33+名古屋!AC33+小倉!AC33+くずは!AC33+流山!AC33+新宿!AC33+川崎!AC33+松山!AC33+東京!AC33+池東武!AC33+西宮!AC33+横浜!AC33+あまが!AC33+梅大丸!AC33+柏!AC33+神大丸!AC33+栄!AC33+上野!AC33+はか阪!AC33+高槻!AC33+梅阪神!AC33 -> 2918 | F33: =あべの!AD33+上本町!AD33+東大阪!AD33+橿原!AD33+京都!AD33+洛西!AD33+和歌山!AD33+守口!AD33+枚方!AD33+なんば!AD33+堺!AD33+泉北!AD33+岡山!AD33+うめ阪!AD33+宝塚!AD33+神戸阪!AD33+千里!AD33+京橋!AD33+川西!AD33+須磨!AD33+名古屋!AD33+小倉!AD33+くずは!AD33+流山!AD33+新宿!AD33+川崎!AD33+松山!AD33+東京!AD33+池東武!AD33+西宮!AD33+横浜!AD33+あまが!AD33+梅大丸!AD33+柏!AD33+神大丸!AD33+栄!AD33+上野!AD33+はか阪!AD33+高槻!AD33+梅阪神!AD33 -> 3011024 | G33: =あべの!AE33+上本町!AE33+東大阪!AE33+橿原!AE33+京都!AE33+洛西!AE33+和歌山!AE33+守口!AE33+枚方!AE33+なんば!AE33+堺!AE33+泉北!AE33+岡山!AE33+うめ阪!AE33+宝塚!AE33+神戸阪!AE33+千里!AE33+京橋!AE33+川西!AE33+須磨!AE33+名古屋!AE33+小倉!AE33+くずは!AE33+流山!AE33+新宿!AE33+川崎!AE33+松山!AE33+東京!AE33+池東武!AE33+西宮!AE33+横浜!AE33+あまが!AE33+梅大丸!AE33+柏!AE33+神大丸!AE33+栄!AE33+上野!AE33+はか阪!AE33+高槻!AE33+梅阪神!AE33 -> 4184 | H33: =あべの!AF33+上本町!AF33+東大阪!AF33+橿原!AF33+京都!AF33+洛西!AF33+和歌山!AF33+守口!AF33+枚方!AF33+なんば!AF33+堺!AF33+泉北!AF33+岡山!AF33+うめ阪!AF33+宝塚!AF33+神戸阪!AF33+千里!AF33+京橋!AF33+川西!AF33+須磨!AF33+名古屋!AF33+小倉!AF33+くずは!AF33+流山!AF33+新宿!AF33+川崎!AF33+松山!AF33+東京!AF33+池東武!AF33+西宮!AF33+横浜!AF33+あまが!AF33+梅大丸!AF33+柏!AF33+神大丸!AF33+栄!AF33+上野!AF33+はか阪!AF33+高槻!AF33+梅阪神!AF33 -> 4318264 | I33: =あべの!AG33+上本町!AG33+東大阪!AG33+橿原!AG33+京都!AG33+洛西!AG33+和歌山!AG33+守口!AG33+枚方!AG33+なんば!AG33+堺!AG33+泉北!AG33+岡山!AG33+うめ阪!AG33+宝塚!AG33+神戸阪!AG33+千里!AG33+京橋!AG33+川西!AG33+須磨!AG33+名古屋!AG33+小倉!AG33+くずは!AG33+流山!AG33+新宿!AG33+川崎!AG33+松山!AG33+東京!AG33+池東武!AG33+西宮!AG33+横浜!AG33+あまが!AG33+梅大丸!AG33+柏!AG33+神大丸!AG33+栄!AG33+上野!AG33+はか阪!AG33+高槻!AG33+梅阪神!AG33 -> 567 | J33: =あべの!AH33+上本町!AH33+東大阪!AH33+橿原!AH33+京都!AH33+洛西!AH33+和歌山!AH33+守口!AH33+枚方!AH33+なんば!AH33+堺!AH33+泉北!AH33+岡山!AH33+うめ阪!AH33+宝塚!AH33+神戸阪!AH33+千里!AH33+京橋!AH33+川西!AH33+須磨!AH33+名古屋!AH33+小倉!AH33+くずは!AH33+流山!AH33+新宿!AH33+川崎!AH33+松山!AH33+東京!AH33+池東武!AH33+西宮!AH33+横浜!AH33+あまが!AH33+梅大丸!AH33+柏!AH33+神大丸!AH33+栄!AH33+上野!AH33+はか阪!AH33+高槻!AH33+梅阪神!AH33 -> 31
A34: 46112 | B34: 火 | C34: =あべの!AA34+上本町!AA34+東大阪!AA34+橿原!AA34+京都!AA34+洛西!AA34+和歌山!AA34+守口!AA34+枚方!AA34+なんば!AA34+堺!AA34+泉北!AA34+岡山!AA34+うめ阪!AA34+宝塚!AA34+神戸阪!AA34+千里!AA34+京橋!AA34+川西!AA34+須磨!AA34+名古屋!AA34+小倉!AA34+くずは!AA34+流山!AA34+新宿!AA34+川崎!AA34+松山!AA34+東京!AA34+池東武!AA34+西宮!AA34+横浜!AA34+あまが!AA34+梅大丸!AA34+柏!AA34+神大丸!AA34+栄!AA34+上野!AA34+はか阪!AA34+高槻!AA34+梅阪神!AA34 -> 855 | D34: =あべの!AB34+上本町!AB34+東大阪!AB34+橿原!AB34+京都!AB34+洛西!AB34+和歌山!AB34+守口!AB34+枚方!AB34+なんば!AB34+堺!AB34+泉北!AB34+岡山!AB34+うめ阪!AB34+宝塚!AB34+神戸阪!AB34+千里!AB34+京橋!AB34+川西!AB34+須磨!AB34+名古屋!AB34+小倉!AB34+くずは!AB34+流山!AB34+新宿!AB34+川崎!AB34+松山!AB34+東京!AB34+池東武!AB34+西宮!AB34+横浜!AB34+あまが!AB34+梅大丸!AB34+柏!AB34+神大丸!AB34+栄!AB34+上野!AB34+はか阪!AB34+高槻!AB34+梅阪神!AB34 -> 979559 | E34: =あべの!AC34+上本町!AC34+東大阪!AC34+橿原!AC34+京都!AC34+洛西!AC34+和歌山!AC34+守口!AC34+枚方!AC34+なんば!AC34+堺!AC34+泉北!AC34+岡山!AC34+うめ阪!AC34+宝塚!AC34+神戸阪!AC34+千里!AC34+京橋!AC34+川西!AC34+須磨!AC34+名古屋!AC34+小倉!AC34+くずは!AC34+流山!AC34+新宿!AC34+川崎!AC34+松山!AC34+東京!AC34+池東武!AC34+西宮!AC34+横浜!AC34+あまが!AC34+梅大丸!AC34+柏!AC34+神大丸!AC34+栄!AC34+上野!AC34+はか阪!AC34+高槻!AC34+梅阪神!AC34 -> 2095 | F34: =あべの!AD34+上本町!AD34+東大阪!AD34+橿原!AD34+京都!AD34+洛西!AD34+和歌山!AD34+守口!AD34+枚方!AD34+なんば!AD34+堺!AD34+泉北!AD34+岡山!AD34+うめ阪!AD34+宝塚!AD34+神戸阪!AD34+千里!AD34+京橋!AD34+川西!AD34+須磨!AD34+名古屋!AD34+小倉!AD34+くずは!AD34+流山!AD34+新宿!AD34+川崎!AD34+松山!AD34+東京!AD34+池東武!AD34+西宮!AD34+横浜!AD34+あまが!AD34+梅大丸!AD34+柏!AD34+神大丸!AD34+栄!AD34+上野!AD34+はか阪!AD34+高槻!AD34+梅阪神!AD34 -> 2271214 | G34: =あべの!AE34+上本町!AE34+東大阪!AE34+橿原!AE34+京都!AE34+洛西!AE34+和歌山!AE34+守口!AE34+枚方!AE34+なんば!AE34+堺!AE34+泉北!AE34+岡山!AE34+うめ阪!AE34+宝塚!AE34+神戸阪!AE34+千里!AE34+京橋!AE34+川西!AE34+須磨!AE34+名古屋!AE34+小倉!AE34+くずは!AE34+流山!AE34+新宿!AE34+川崎!AE34+松山!AE34+東京!AE34+池東武!AE34+西宮!AE34+横浜!AE34+あまが!AE34+梅大丸!AE34+柏!AE34+神大丸!AE34+栄!AE34+上野!AE34+はか阪!AE34+高槻!AE34+梅阪神!AE34 -> 3344 | H34: =あべの!AF34+上本町!AF34+東大阪!AF34+橿原!AF34+京都!AF34+洛西!AF34+和歌山!AF34+守口!AF34+枚方!AF34+なんば!AF34+堺!AF34+泉北!AF34+岡山!AF34+うめ阪!AF34+宝塚!AF34+神戸阪!AF34+千里!AF34+京橋!AF34+川西!AF34+須磨!AF34+名古屋!AF34+小倉!AF34+くずは!AF34+流山!AF34+新宿!AF34+川崎!AF34+松山!AF34+東京!AF34+池東武!AF34+西宮!AF34+横浜!AF34+あまが!AF34+梅大丸!AF34+柏!AF34+神大丸!AF34+栄!AF34+上野!AF34+はか阪!AF34+高槻!AF34+梅阪神!AF34 -> 3545402 | I34: =あべの!AG34+上本町!AG34+東大阪!AG34+橿原!AG34+京都!AG34+洛西!AG34+和歌山!AG34+守口!AG34+枚方!AG34+なんば!AG34+堺!AG34+泉北!AG34+岡山!AG34+うめ阪!AG34+宝塚!AG34+神戸阪!AG34+千里!AG34+京橋!AG34+川西!AG34+須磨!AG34+名古屋!AG34+小倉!AG34+くずは!AG34+流山!AG34+新宿!AG34+川崎!AG34+松山!AG34+東京!AG34+池東武!AG34+西宮!AG34+横浜!AG34+あまが!AG34+梅大丸!AG34+柏!AG34+神大丸!AG34+栄!AG34+上野!AG34+はか阪!AG34+高槻!AG34+梅阪神!AG34 -> 511 | J34: =あべの!AH34+上本町!AH34+東大阪!AH34+橿原!AH34+京都!AH34+洛西!AH34+和歌山!AH34+守口!AH34+枚方!AH34+なんば!AH34+堺!AH34+泉北!AH34+岡山!AH34+うめ阪!AH34+宝塚!AH34+神戸阪!AH34+千里!AH34+京橋!AH34+川西!AH34+須磨!AH34+名古屋!AH34+小倉!AH34+くずは!AH34+流山!AH34+新宿!AH34+川崎!AH34+松山!AH34+東京!AH34+池東武!AH34+西宮!AH34+横浜!AH34+あまが!AH34+梅大丸!AH34+柏!AH34+神大丸!AH34+栄!AH34+上野!AH34+はか阪!AH34+高槻!AH34+梅阪神!AH34 -> 33

Sheet あべの
A1: 101 | C1: あべの | G1: 01 | H1: 02 | I1: 03 | J1: 12 | K1: 13 | L1: 15 | AA1: 12：00 | AC1: 15：00 | AE1: 17：00 | AG1: からすかれい煮付
A2: 2026年 | G2: =CONCATENATE($A$1,G1) -> 10101 | H2: =CONCATENATE($A$1,H1) -> 10102 | I2: =CONCATENATE($A$1,I1) -> 10103 | J2: =CONCATENATE($A$1,J1) -> 10112 | K2: =CONCATENATE($A$1,K1) -> 10113 | L2: =CONCATENATE($A$1,L1) -> 10115
A3: 店合計 | B3: 累計 | C3: 日付 | E3: 上代合計 | F3: 客数 | G3: 天ぷら | H3: 魚 | I3: 唐揚 | J3: 冷惣菜 | K3: 催事 | L3: イカ焼 | AA3: 客数 | AB3: 合計 | AC3: 客数 | AD3: 合計 | AE3: 客数 | AF3: 合計 | AG3: 製造数量 | AH3: 廃棄数量
A4: =SUM(G4:L4) -> 361304 | B4: =A4 -> 361304 | C4: 46082 | D4: 日 | F4: 368 | G4: 38534 | H4: 156535 | I4: 54525 | J4: 54410 | L4: 57300 | U4: =C4 -> 46082 | V4: =$G$2 -> 10101 | W4: =G4 -> 38534 | X4: =C4 -> 46082 | Y4: =F4 -> 368 | AA4: 51 | AB4: 47955 | AC4: 155 | AD4: 163053 | AE4: 262 | AF4: 271868
A5: =SUM(G5:L5) -> 275126 | B5: =B4+A5 -> 636430 | C5: 46083 | D5: 月 | F5: 312 | G5: 36080 | H5: 135680 | I5: 32412 | J5: 28640 | L5: 42314 | U5: =C5 -> 46083 | V5: =$G$2 -> 10101 | W5: =G5 -> 36080 | X5: =C5 -> 46083 | Y5: =F5 -> 312 | AA5: 61 | AB5: 59918 | AC5: 135 | AD5: 118580 | AE5: 197 | AF5: 180815
A6: =SUM(G6:L6) -> 256960 | B6: =B5+A6 -> 893390 | C6: 46084 | D6: 火 | F6: 286 | G6: 38490 | H6: 118726 | I6: 33062 | J6: 37550 | L6: 29132 | U6: =C6 -> 46084 | V6: =$G$2 -> 10101 | W6: =G6 -> 38490 | X6: =C6 -> 46084 | Y6: =F6 -> 286 | AA6: 31 | AB6: 31040 | AC6: 105 | AD6: 102940 | AE6: 161 | AF6: 152620
A7: =SUM(G7:L7) -> 334728 | B7: =B6+A7 -> 1228118 | C7: 46085 | D7: 水 | F7: 362 | G7: 44883 | H7: 153087 | I7: 46678 | J7: 44260 | L7: 45820 | U7: =C7 -> 46085 | V7: =$G$2 -> 10101 | W7: =G7 -> 44883 | X7: =C7 -> 46085 | Y7: =F7 -> 362 | AA7: 39 | AB7: 50987 | AC7: 118 | AD7: 129073 | AE7: 227 | AF7: 228733
A8: =SUM(G8:L8) -> 357944 | B8: =B7+A8 -> 1586062 | C8: 46086 | D8: 木 | F8: 392 | G8: 42208 | H8: 162969 | I8: 54561 | J8: 48480 | L8: 49726 | U8: =C8 -> 46086 | V8: =$G$2 -> 10101 | W8: =G8 -> 42208 | X8: =C8 -> 46086 | Y8: =F8 -> 392 | AA8: 53 | AB8: 42146 | AC8: 160 | AD8: 158827 | AE8: 245 | AF8: 235823
A9: =SUM(G9:L9) -> 329125 | B9: =B8+A9 -> 1915187 | C9: 46087 | D9: 金 | F9: 375 | G9: 41433 | H9: 135644 | I9: 52146 | J9: 49122 | L9: 50780 | U9: =C9 -> 46087 | V9: =$G$2 -> 10101 | W9: =G9 -> 41433 | X9: =C9 -> 46087 | Y9: =F9 -> 375 | AA9: 45 | AB9: 41090 | AC9: 146 | AD9: 141685 | AE9: 224 | AF9: 203353
A10: =SUM(G10:L10) -> 357388 | B10: =B9+A10 -> 2272575 | C10: 46088 | D10: 土 | F10: 388 | G10: 41240 | H10: 155262 | I10: 51580 | J10: 52330 | L10: 56976 | U10: =C10 -> 46088 | V10: =$G$2 -> 10101 | W10: =G10 -> 41240 | X10: =C10 -> 46088 | Y10: =F10 -> 388 | AA10: 78 | AB10: 85839 | AC10: 160 | AD10: 154502 | AE10: 252 | AF10: 237168
A11: =SUM(G11:L11) -> 367947 | B11: =B10+A11 -> 2640522 | C11: 46089 | D11: 日 | F11: 400 | G11: 46300 | H11: 150225 | I11: 65652 | J11: 48264 | L11: 57506 | U11: =C11 -> 46089 | V11: =$G$2 -> 10101 | W11: =G11 -> 46300 | X11: =C11 -> 46089 | Y11: =F11 -> 400 | AA11: 71 | AB11: 69583 | AC11: 170 | AD11: 161633 | AE11: 293 | AF11: 278046
A12: =SUM(G12:L12) -> 293445 | B12: =B11+A12 -> 2933967 | C12: 46090 | D12: 月 | F12: 322 | G12: 40515 | H12: 136369 | I12: 44539 | J12: 38150 | L12: 33872 | U12: =C12 -> 46090 | V12: =$G$2 -> 10101 | W12: =G12 -> 40515 | X12: =C12 -> 46090 | Y12: =F12 -> 322 | AA12: 29 | AB12: 32344 | AC12: 97 | AD12: 101382 | AE12: 182 | AF12: 185221
A13: =SUM(G13:L13) -> 337266 | B13: =B12+A13 -> 3271233 | C13: 46091 | D13: 火 | F13: 374 | G13: 39571 | H13: 155962 | I13: 52023 | J13: 39720 | L13: 49990 | U13: =C13 -> 46091 | V13: =$G$2 -> 10101 | W13: =G13 -> 39571 | X13: =C13 -> 46091 | Y13: =F13 -> 374 | AA13: 46 | AB13: 35925 | AC13: 149 | AD13: 144657 | AE13: 232 | AF13: 216197
A14: =SUM(G14:L14) -> 352648 | B14: =B13+A14 -> 3623881 | C14: 46092 | D14: 水 | F14: 397 | G14: 49418 | H14: 144613 | I14: 65267 | J14: 44390 | L14: 48960 | U14: =C14 -> 46092 | V14: =$G$2 -> 10101 | W14: =G14 -> 49418 | X14: =C14 -> 46092 | Y14: =F14 -> 397 | AA14: 74 | AB14: 61653 | AC14: 185 | AD14: 187397 | AE14: 231 | AF14: 216680
A15: =SUM(G15:L15) -> 339892 | B15: =B14+A15 -> 3963773 | C15: 46093 | D15: 木 | F15: 379 | G15: 45476 | H15: 162072 | I15: 49338 | J15: 32180 | L15: 50826 | U15: =C15 -> 46093 | V15: =$G$2 -> 10101 | W15: =G15 -> 45476 | X15: =C15 -> 46093 | Y15: =F15 -> 379 | AA15: 45 | AB15: 42465 | AC15: 154 | AD15: 142818 | AE15: 249 | AF15: 235074
A16: =SUM(G16:L16) -> 365529 | B16: =B15+A16 -> 4329302 | C16: 46094 | D16: 金 | F16: 403 | G16: 58191 | H16: 170799 | I16: 47153 | J16: 37610 | L16: 51776 | U16: =C16 -> 46094 | V16: =$G$2 -> 10101 | W16: =G16 -> 58191 | X16: =C16 -> 46094 | Y16: =F16 -> 403 | AA16: 48 | AB16: 50156 | AC16: 152 | AD16: 139280 | AE16: 242 | AF16: 232417
A17: =SUM(G17:L17) -> 356288 | B17: =B16+A17 -> 4685590 | C17: 46095 | D17: 土 | F17: 399 | G17: 48386 | H17: 144900 | I17: 55204 | J17: 43590 | L17: 64208 | U17: =C17 -> 46095 | V17: =$G$2 -> 10101 | W17: =G17 -> 48386 | X17: =C17 -> 46095 | Y17: =F17 -> 399 | AA17: 55 | AB17: 54424 | AC17: 170 | AD17: 159714 | AE17: 273 | AF17: 250604
A18: =SUM(G18:L18) -> 362514 | B18: =B17+A18 -> 5048104 | C18: 46096 | D18: 日 | F18: 386 | G18: 46570 | H18: 166263 | I18: 44011 | J18: 39740 | L18: 65930 | U18: =C18 -> 46096 | V18: =$G$2 -> 10101 | W18: =G18 -> 46570 | X18: =C18 -> 46096 | Y18: =F18 -> 386 | AA18: 59 | AB18: 54665 | AC18: 158 | AD18: 153935 | AE18: 292 | AF18: 286731
A19: =SUM(G19:L19) -> 292823 | B19: =B18+A19 -> 5340927 | C19: 46097 | D19: 月 | F19: 339 | G19: 49840 | H19: 135508 | I19: 39978 | J19: 27830 | L19: 39667 | U19: =C19 -> 46097 | V19: =$G$2 -> 10101 | W19: =G19 -> 49840 | X19: =C19 -> 46097 | Y19: =F19 -> 339 | AA19: 41 | AB19: 41154 | AC19: 133 | AD19: 127257 | AE19: 194 | AF19: 188287
A20: =SUM(G20:L20) -> 335583 | B20: =B19+A20 -> 5676510 | C20: 46098 | D20: 火 | F20: 396 | G20: 50231 | H20: 157970 | I20: 41152 | J20: 35370 | L20: 50860 | U20: =C20 -> 46098 | V20: =$G$2 -> 10101 | W20: =G20 -> 50231 | X20: =C20 -> 46098 | Y20: =F20 -> 396 | AA20: 56 | AB20: 46580 | AC20: 146 | AD20: 125772 | AE20: 235 | AF20: 203805
A21: =SUM(G21:L21) -> 289095 | B21: =B20+A21 -> 5965605 | C21: 46099 | D21: 水 | F21: 332 | G21: 31643 | H21: 142966 | I21: 35964 | J21: 28412 | L21: 50110 | U21: =C21 -> 46099 | V21: =$G$2 -> 10101 | W21: =G21 -> 31643 | X21: =C21 -> 46099 | Y21: =F21 -> 332 | AA21: 43 | AB21: 43775 | AC21: 123 | AD21: 113875 | AE21: 195 | AF21: 178570
A22: =SUM(G22:L22) -> 312811 | B22: =B21+A22 -> 6278416 | C22: 46100 | D22: 木 | F22: 344 | G22: 43310 | H22: 141627 | I22: 42170 | J22: 33362 | L22: 52342 | U22: =C22 -> 46100 | V22: =$G$2 -> 10101 | W22: =G22 -> 43310 | X22: =C22 -> 46100 | Y22: =F22 -> 344 | AA22: 44 | AB22: 43370 | AC22: 130 | AD22: 124450 | AE22: 209 | AF22: 192490
A23: =SUM(G23:L23) -> 389403 | B23: =B22+A23 -> 6667819 | C23: 46101 | D23: 金 | F23: 421 | G23: 48205 | H23: 179559 | I23: 48783 | J23: 38960 | L23: 73896 | U23: =C23 -> 46101 | V23: =$G$2 -> 10101 | W23: =G23 -> 48205 | X23: =C23 -> 46101 | Y23: =F23 -> 421 | AA23: 74 | AB23: 76829 | AC23: 184 | AD23: 186357 | AE23: 295 | AF23: 277756
A24: =SUM(G24:L24) -> 393835 | B24: =B23+A24 -> 7061654 | C24: 46102 | D24: 土 | F24: 416 | G24: 47905 | H24: 175550 | I24: 42130 | J24: 46450 | L24: 81800 | U24: =C24 -> 46102 | V24: =$G$2 -> 10101 | W24: =G24 -> 47905 | X24: =C24 -> 46102 | Y24: =F24 -> 416 | AA24: 46 | AB24: 55683 | AC24: 174 | AD24: 182318 | AE24: 306 | AF24: 302120
A25: =SUM(G25:L25) -> 344822 | B25: =B24+A25 -> 7406476 | C25: 46103 | D25: 日 | F25: 375 | G25: 43290 | H25: 144394 | I25: 46620 | J25: 44490 | L25: 66028 | U25: =C25 -> 46103 | V25: =$G$2 -> 10101 | W25: =G25 -> 43290 | X25: =C25 -> 46103 | Y25: =F25 -> 375 | AA25: 52 | AB25: 46366 | AC25: 169 | AD25: 147854 | AE25: 260 | AF25: 240388
A26: =SUM(G26:L26) -> 275631 | B26: =B25+A26 -> 7682107 | C26: 46104 | D26: 月 | F26: 302 | G26: 33090 | H26: 144507 | I26: 33480 | J26: 28460 | L26: 36094 | U26: =C26 -> 46104 | V26: =$G$2 -> 10101 | W26: =G26 -> 33090 | X26: =C26 -> 46104 | Y26: =F26 -> 302 | AA26: 34 | AB26: 36180 | AC26: 130 | AD26: 123244 | AE26: 199 | AF26: 191468
A27: =SUM(G27:L27) -> 317206 | B27: =B26+A27 -> 7999313 | C27: 46105 | D27: 火 | F27: 355 | G27: 39309 | H27: 166346 | I27: 37301 | J27: 30330 | L27: 43920 | U27: =C27 -> 46105 | V27: =$G$2 -> 10101 | W27: =G27 -> 39309 | X27: =C27 -> 46105 | Y27: =F27 -> 355 | AA27: 50 | AB27: 40496 | AC27: 136 | AD27: 123073 | AE27: 203 | AF27: 185777
A28: =SUM(G28:L28) -> 300010 | B28: =B27+A28 -> 8299323 | C28: 46106 | D28: 水 | F28: 337 | G28: 36091 | H28: 140273 | I28: 40614 | J28: 31310 | L28: 51722 | U28: =C28 -> 46106 | V28: =$G$2 -> 10101 | W28: =G28 -> 36091 | X28: =C28 -> 46106 | Y28: =F28 -> 337 | AA28: 52 | AB28: 52397 | AC28: 136 | AD28: 121354 | AE28: 202 | AF28: 188139
... A34: =SUM(G34:L34) -> 239513 | B34: =B33+A34 -> 10124333 | C34: 46112 | D34: 火 | F34: 264 | G34: 24599 | H34: 115124 | I34: 26112 | J34: 30340 | L34: 43338 | U34: =C34 -> 46112 | V34: =$G$2 -> 10101 | W34: =G34 -> 24599 | X34: =C34 -> 46112 | Y34: =F34 -> 264 | AA34: 62 | AB34: 61837 | AC34: 81 | AD34: 95202 | AE34: 160 | AF34: 163197
D35: 客数合計 | E35: =SUM(E4:E34) -> 0 | F35: =SUM(F4:F34) -> 10743 | U35: =C4 -> 46082 | V35: =$H$2 -> 10102 | W35: =H4 -> 156535
U36: =C5 -> 46083 | V36: =$H$2 -> 10102 | W36: =H5 -> 135680
U37: =C6 -> 46084 | V37: =$H$2 -> 10102 | W37: =H6 -> 118726
U38: =C7 -> 46085 | V38: =$H$2 -> 10102 | W38: =H7 -> 153087
U39: =C8 -> 46086 | V39: =$H$2 -> 10102 | W39: =H8 -> 162969
U40: =C9 -> 46087 | V40: =$H$2 -> 10102 | W40: =H9 -> 135644
U41: =C10 -> 46088 | V41: =$H$2 -> 10102 | W41: =H10 -> 155262
U42: =C11 -> 46089 | V42: =$H$2 -> 10102 | W42: =H11 -> 150225
U43: =C12 -> 46090 | V43: =$H$2 -> 10102 | W43: =H12 -> 136369
U44: =C13 -> 46091 | V44: =$H$2 -> 10102 | W44: =H13 -> 155962
U45: =C14 -> 46092 | V45: =$H$2 -> 10102 | W45: =H14 -> 144613
U46: =C15 -> 46093 | V46: =$H$2 -> 10102 | W46: =H15 -> 162072
U47: =C16 -> 46094 | V47: =$H$2 -> 10102 | W47: =H16 -> 170799
... U65: =C34 -> 46112 | V65: =$H$2 -> 10102 | W65: =H34 -> 115124
U66: =C4 -> 46082 | V66: =$I$2 -> 10103 | W66: =I4 -> 54525
U67: =C5 -> 46083 | V67: =$I$2 -> 10103 | W67: =I5 -> 32412
U68: =C6 -> 46084 | V68: =$I$2 -> 10103 | W68: =I6 -> 33062
U69: =C7 -> 46085 | V69: =$I$2 -> 10103 | W69: =I7 -> 46678
U70: =C8 -> 46086 | V70: =$I$2 -> 10103 | W70: =I8 -> 54561
U71: =C9 -> 46087 | V71: =$I$2 -> 10103 | W71: =I9 -> 52146
U72: =C10 -> 46088 | V72: =$I$2 -> 10103 | W72: =I10 -> 51580
U73: =C11 -> 46089 | V73: =$I$2 -> 10103 | W73: =I11 -> 65652
U74: =C12 -> 46090 | V74: =$I$2 -> 10103 | W74: =I12 -> 44539
U75: =C13 -> 46091 | V75: =$I$2 -> 10103 | W75: =I13 -> 52023
U76: =C14 -> 46092 | V76: =$I$2 -> 10103 | W76: =I14 -> 65267
U77: =C15 -> 46093 | V77: =$I$2 -> 10103 | W77: =I15 -> 49338
... U96: =C34 -> 46112 | V96: =$I$2 -> 10103 | W96: =I34 -> 26112
U97: =C4 -> 46082 | V97: =$J$2 -> 10112 | W97: =J4 -> 54410
U98: =C5 -> 46083 | V98: =$J$2 -> 10112 | W98: =J5 -> 28640
U99: =C6 -> 46084 | V99: =$J$2 -> 10112 | W99: =J6 -> 37550
U100: =C7 -> 46085 | V100: =$J$2 -> 10112 | W100: =J7 -> 44260
U101: =C8 -> 46086 | V101: =$J$2 -> 10112 | W101: =J8 -> 48480
U102: =C9 -> 46087 | V102: =$J$2 -> 10112 | W102: =J9 -> 49122
U103: =C10 -> 46088 | V103: =$J$2 -> 10112 | W103: =J10 -> 52330
U104: =C11 -> 46089 | V104: =$J$2 -> 10112 | W104: =J11 -> 48264
U105: =C12 -> 46090 | V105: =$J$2 -> 10112 | W105: =J12 -> 38150
U106: =C13 -> 46091 | V106: =$J$2 -> 10112 | W106: =J13 -> 39720
U107: =C14 -> 46092 | V107: =$J$2 -> 10112 | W107: =J14 -> 44390
U108: =C15 -> 46093 | V108: =$J$2 -> 10112 | W108: =J15 -> 32180
... U127: =C34 -> 46112 | V127: =$J$2 -> 10112 | W127: =J34 -> 30340
U128: =C4 -> 46082 | V128: =$K$2 -> 10113 | W128: =K4 -> 0
U129: =C5 -> 46083 | V129: =$K$2 -> 10113 | W129: =K5 -> 0
U130: =C6 -> 46084 | V130: =$K$2 -> 10113 | W130: =K6 -> 0
U131: =C7 -> 46085 | V131: =$K$2 -> 10113 | W131: =K7 -> 0
U132: =C8 -> 46086 | V132: =$K$2 -> 10113 | W132: =K8 -> 0
U133: =C9 -> 46087 | V133: =$K$2 -> 10113 | W133: =K9 -> 0
U134: =C10 -> 46088 | V134: =$K$2 -> 10113 | W134: =K10 -> 0
U135: =C11 -> 46089 | V135: =$K$2 -> 10113 | W135: =K11 -> 0
U136: =C12 -> 46090 | V136: =$K$2 -> 10113 | W136: =K12 -> 0
U137: =C13 -> 46091 | V137: =$K$2 -> 10113 | W137: =K13 -> 0
U138: =C14 -> 46092 | V138: =$K$2 -> 10113 | W138: =K14 -> 0
U139: =C15 -> 46093 | V139: =$K$2 -> 10113 | W139: =K15 -> 0
... U158: =C34 -> 46112 | V158: =$K$2 -> 10113 | W158: =K34 -> 0
U159: =C4 -> 46082 | V159: =$L$2 -> 10115 | W159: =L4 -> 57300
U160: =C5 -> 46083 | V160: =$L$2 -> 10115 | W160: =L5 -> 42314
U161: =C6 -> 46084 | V161: =$L$2 -> 10115 | W161: =L6 -> 29132
U162: =C7 -> 46085 | V162: =$L$2 -> 10115 | W162: =L7 -> 45820
U163: =C8 -> 46086 | V163: =$L$2 -> 10115 | W163: =L8 -> 49726
U164: =C9 -> 46087 | V164: =$L$2 -> 10115 | W164: =L9 -> 50780
U165: =C10 -> 46088 | V165: =$L$2 -> 10115 | W165: =L10 -> 56976
U166: =C11 -> 46089 | V166: =$L$2 -> 10115 | W166: =L11 -> 57506
U167: =C12 -> 46090 | V167: =$L$2 -> 10115 | W167: =L12 -> 33872
U168: =C13 -> 46091 | V168: =$L$2 -> 10115 | W168: =L13 -> 49990
U169: =C14 -> 46092 | V169: =$L$2 -> 10115 | W169: =L14 -> 48960
U170: =C15 -> 46093 | V170: =$L$2 -> 10115 | W170: =L15 -> 50826
... U177: =C22 -> 46100 | V177: =$L$2 -> 10115 | W177: =L22 -> 52342
U178: =C18 -> 46096 | V178: =$L$2 -> 10115 | W178: =L23 -> 73896
U179: =C24 -> 46102 | V179: =$L$2 -> 10115 | W179: =L24 -> 81800
U180: =C25 -> 46103 | V180: =$L$2 -> 10115 | W180: =L25 -> 66028
U181: =C26 -> 46104 | V181: =$L$2 -> 10115 | W181: =L26 -> 36094
U182: =C27 -> 46105 | V182: =$L$2 -> 10115 | W182: =L27 -> 43920
...

Sheet 上本町
A1: 102 | C1: 上本町 | G1: 01 | H1: 02 | I1: 03 | J1: 04 | K1: 07 | L1: 12 | M1: 13 | N1: 15 | O1: 24 | AA1: 12：00 | AC1: 15：00 | AE1: 17：00 | AG1: からすかれい煮付
A2: 2026年 | G2: =CONCATENATE($A$1,G1) -> 10201 | H2: =CONCATENATE($A$1,H1) -> 10202 | I2: =CONCATENATE($A$1,I1) -> 10203 | J2: =CONCATENATE($A$1,J1) -> 10204 | K2: =CONCATENATE($A$1,K1) -> 10207 | L2: =CONCATENATE($A$1,L1) -> 10212 | M2: 13813 | N2: =CONCATENATE($A$1,N1) -> 10215 | O2: =CONCATENATE($A$1,O1) -> 10224
A3: 店合計 | B3: 累計 | C3: 日付 | E3: 上代合計 | F3: 客数 | G3: 天ぷら | H3: 魚 | I3: 唐揚 | J3: 串揚 | K3: 弁当 | L3: 冷惣菜 | M3: 催事 | N3: イカ焼 | O3: くじら | AA3: 客数 | AB3: 合計 | AC3: 客数 | AD3: 合計 | AE3: 客数 | AF3: 合計 | AG3: 製造数量 | AH3: 廃棄数量
A4: =SUM(G4:O4) -> 277402 | B4: =A4 -> 277402 | C4: 46082 | D4: 日 | F4: 303 | G4: 62116 | H4: 89204 | I4: 19725 | J4: 40020 | K4: 27660 | L4: 11745 | N4: 26932 | U4: =C4 -> 46082 | V4: =$G$2 -> 10201 | W4: =G4 -> 62116 | X4: =C4 -> 46082 | Y4: =F4 -> 303 | AA4: 52 | AB4: 46817 | AC4: 115 | AD4: 113753 | AE4: 193 | AF4: 182849 | AG4: 20 | AH4: 0
A5: =SUM(G5:O5) -> 354333 | B5: =B4+A5 -> 631735 | C5: 46083 | D5: 月 | F5: 397 | G5: 46254 | H5: 88106 | I5: 19430 | J5: 40604 | K5: 23700 | L5: 9340 | M5: 109315 | N5: 17584 | U5: =C5 -> 46083 | V5: =$G$2 -> 10201 | W5: =G5 -> 46254 | X5: =C5 -> 46083 | Y5: =F5 -> 397 | AA5: 59 | AB5: 59353 | AC5: 147 | AD5: 139091 | AE5: 220 | AF5: 211255 | AG5: 30 | AH5: 0
A6: =SUM(G6:O6) -> 254413 | B6: =B5+A6 -> 886148 | C6: 46084 | D6: 火 | F6: 268 | G6: 49153 | H6: 85911 | I6: 17876 | J6: 51390 | K6: 24070 | L6: 9875 | N6: 16138 | U6: =C6 -> 46084 | V6: =$G$2 -> 10201 | W6: =G6 -> 49153 | X6: =C6 -> 46084 | Y6: =F6 -> 268 | AA6: 29 | AB6: 34993 | AC6: 84 | AD6: 96158 | AE6: 132 | AF6: 143579 | AG6: 20 | AH6: 0
A7: =SUM(G7:O7) -> 245540 | B7: =B6+A7 -> 1131688 | C7: 46085 | D7: 水 | F7: 281 | G7: 55995 | H7: 80162 | I7: 20906 | J7: 38917 | K7: 24205 | L7: 10125 | N7: 15230 | U7: =C7 -> 46085 | V7: =$G$2 -> 10201 | W7: =G7 -> 55995 | X7: =C7 -> 46085 | Y7: =F7 -> 281 | AA7: 51 | AB7: 45913 | AC7: 112 | AD7: 105281 | AE7: 167 | AF7: 151807 | AG7: 20 | AH7: 0
A8: =SUM(G8:O8) -> 274631 | B8: =B7+A8 -> 1406319 | C8: 46086 | D8: 木 | F8: 295 | G8: 60424 | H8: 86340 | I8: 24537 | J8: 48110 | K8: 25590 | L8: 11140 | N8: 18490 | U8: =C8 -> 46086 | V8: =$G$2 -> 10201 | W8: =G8 -> 60424 | X8: =C8 -> 46086 | Y8: =F8 -> 295 | AA8: 51 | AB8: 47715 | AC8: 115 | AD8: 107152 | AE8: 172 | AF8: 162439 | AG8: 20 | AH8: 1
A9: =SUM(G9:O9) -> 293487 | B9: =B8+A9 -> 1699806 | C9: 46087 | D9: 金 | F9: 311 | G9: 65950 | H9: 91893 | I9: 24366 | J9: 56040 | K9: 25550 | L9: 11100 | N9: 18588 | U9: =C9 -> 46087 | V9: =$G$2 -> 10201 | W9: =G9 -> 65950 | X9: =C9 -> 46087 | Y9: =F9 -> 311 | AA9: 49 | AB9: 49505 | AC9: 131 | AD9: 128894 | AE9: 198 | AF9: 189629 | AG9: 28 | AH9: 0
A10: =SUM(G10:O10) -> 299267 | B10: =B9+A10 -> 1999073 | C10: 46088 | D10: 土 | F10: 302 | G10: 57161 | H10: 91019 | I10: 23907 | J10: 61153 | K10: 28320 | L10: 10290 | N10: 27417 | U10: =C10 -> 46088 | V10: =$G$2 -> 10201 | W10: =G10 -> 57161 | X10: =C10 -> 46088 | Y10: =F10 -> 302 | AA10: 44 | AB10: 49672 | AC10: 130 | AD10: 138028 | AE10: 193 | AF10: 199385 | AG10: 20 | AH10: 0
A11: =SUM(G11:O11) -> 268903 | B11: =B10+A11 -> 2267976 | C11: 46089 | D11: 日 | F11: 299 | G11: 47634 | H11: 86557 | I11: 31426 | J11: 51807 | K11: 15785 | L11: 8879 | N11: 26815 | U11: =C11 -> 46089 | V11: =$G$2 -> 10201 | W11: =G11 -> 47634 | X11: =C11 -> 46089 | Y11: =F11 -> 299 | AA11: 48 | AB11: 37170 | AC11: 120 | AD11: 113602 | AE11: 193 | AF11: 179553 | AG11: 20 | AH11: 0
A12: =SUM(G12:O12) -> 242197 | B12: =B11+A12 -> 2510173 | C12: 46090 | D12: 月 | F12: 284 | G12: 59207 | H12: 87916 | I12: 19211 | J12: 29110 | K12: 22110 | L12: 10000 | N12: 14643 | U12: =C12 -> 46090 | V12: =$G$2 -> 10201 | W12: =G12 -> 59207 | X12: =C12 -> 46090 | Y12: =F12 -> 284 | AA12: 42 | AB12: 38298 | AC12: 107 | AD12: 99098 | AE12: 158 | AF12: 147137 | AG12: 28 | AH12: 0
A13: =SUM(G13:O13) -> 278134 | B13: =B12+A13 -> 2788307 | C13: 46091 | D13: 火 | F13: 306 | G13: 56688 | H13: 96231 | I13: 24723 | J13: 48632 | K13: 22700 | L13: 11575 | N13: 17585 | U13: =C13 -> 46091 | V13: =$G$2 -> 10201 | W13: =G13 -> 56688 | X13: =C13 -> 46091 | Y13: =F13 -> 306 | AA13: 49 | AB13: 49757 | AC13: 121 | AD13: 121835 | AE13: 169 | AF13: 170233 | AG13: 30 | AH13: 0
A14: =SUM(G14:O14) -> 398878 | B14: =B13+A14 -> 3187185 | C14: 46092 | D14: 水 | F14: 433 | G14: 67154 | H14: 85870 | I14: 18235 | J14: 70826 | K14: 25860 | L14: 3300 | M14: 109572 | N14: 18061 | U14: =C14 -> 46092 | V14: =$G$2 -> 10201 | W14: =G14 -> 67154 | X14: =C14 -> 46092 | Y14: =F14 -> 433 | AA14: 58 | AB14: 58309 | AC14: 155 | AD14: 141022 | AE14: 263 | AF14: 249802 | AG14: 20 | AH14: 0
A15: =SUM(G15:O15) -> 266471 | B15: =B14+A15 -> 3453656 | C15: 46093 | D15: 木 | F15: 297 | G15: 57404 | H15: 81435 | I15: 25025 | J15: 53030 | K15: 29420 | L15: 1650 | N15: 18507 | U15: =C15 -> 46093 | V15: =$G$2 -> 10201 | W15: =G15 -> 57404 | X15: =C15 -> 46093 | Y15: =F15 -> 297 | AA15: 47 | AB15: 38539 | AC15: 129 | AD15: 125233 | AE15: 188 | AF15: 182079 | AG15: 20 | AH15: 0
A16: =SUM(G16:O16) -> 254441 | B16: =B15+A16 -> 3708097 | C16: 46094 | D16: 金 | F16: 279 | G16: 44667 | H16: 87144 | I16: 24800 | J16: 49563 | K16: 29070 | L16: 3300 | N16: 15897 | U16: =C16 -> 46094 | V16: =$G$2 -> 10201 | W16: =G16 -> 44667 | X16: =C16 -> 46094 | Y16: =F16 -> 279 | AA16: 33 | AB16: 31825 | AC16: 98 | AD16: 94945 | AE16: 145 | AF16: 138958 | AG16: 28 | AH16: 3
A17: =SUM(G17:O17) -> 306046 | B17: =B16+A17 -> 4014143 | C17: 46095 | D17: 土 | F17: 312 | G17: 77829 | H17: 87450 | I17: 30251 | J17: 56340 | K17: 25260 | L17: 3300 | N17: 25616 | U17: =C17 -> 46095 | V17: =$G$2 -> 10201 | W17: =G17 -> 77829 | X17: =C17 -> 46095 | Y17: =F17 -> 312 | AA17: 57 | AB17: 67887 | AC17: 124 | AD17: 128789 | AE17: 192 | AF17: 198538 | AG17: 28 | AH17: 1
A18: =SUM(G18:O18) -> 275191 | B18: =B17+A18 -> 4289334 | C18: 46096 | D18: 日 | F18: 300 | G18: 61217 | H18: 79143 | I18: 27576 | J18: 52580 | K18: 25345 | L18: 3300 | N18: 26030 | U18: =C18 -> 46096 | V18: =$G$2 -> 10201 | W18: =G18 -> 61217 | X18: =C18 -> 46096 | Y18: =F18 -> 300 | AA18: 44 | AB18: 38295 | AC18: 117 | AD18: 112677 | AE18: 204 | AF18: 195302 | AG18: 20 | AH18: 0
A19: =SUM(G19:O19) -> 227596 | B19: =B18+A19 -> 4516930 | C19: 46097 | D19: 月 | F19: 252 | G19: 45051 | H19: 73000 | I19: 20492 | J19: 43170 | K19: 25895 | L19: 3100 | N19: 16888 | U19: =C19 -> 46097 | V19: =$G$2 -> 10201 | W19: =G19 -> 45051 | X19: =C19 -> 46097 | Y19: =F19 -> 252 | AA19: 42 | AB19: 45434 | AC19: 101 | AD19: 96204 | AE19: 145 | AF19: 134807 | AG19: 20 | AH19: 0
A20: =SUM(G20:O20) -> 237134 | B20: =B19+A20 -> 4754064 | C20: 46098 | D20: 火 | F20: 272 | G20: 52537 | H20: 82489 | I20: 21538 | J20: 35370 | K20: 26111 | L20: 3300 | N20: 15789 | U20: =C20 -> 46098 | V20: =$G$2 -> 10201 | W20: =G20 -> 52537 | X20: =C20 -> 46098 | Y20: =F20 -> 272 | AA20: 42 | AB20: 34920 | AC20: 95 | AD20: 86614 | AE20: 156 | AF20: 144989 | AG20: 20 | AH20: 0
A21: =SUM(G21:O21) -> 248764 | B21: =B20+A21 -> 5002828 | C21: 46099 | D21: 水 | F21: 280 | G21: 68932 | H21: 80331 | I21: 22226 | J21: 38230 | K21: 21120 | L21: 550 | N21: 17375 | U21: =C21 -> 46099 | V21: =$G$2 -> 10201 | W21: =G21 -> 68932 | X21: =C21 -> 46099 | Y21: =F21 -> 280 | AA21: 50 | AB21: 45486 | AC21: 134 | AD21: 120563 | AE21: 182 | AF21: 165485 | AG21: 20 | AH21: 0
A22: =SUM(G22:O22) -> 265312 | B22: =B21+A22 -> 5268140 | C22: 46100 | D22: 木 | F22: 294 | G22: 64860 | H22: 84806 | I22: 26420 | J22: 38840 | K22: 30200 | L22: 3100 | N22: 17086 | U22: =C22 -> 46100 | V22: =$G$2 -> 10201 | W22: =G22 -> 64860 | X22: =C22 -> 46100 | Y22: =F22 -> 294 | AA22: 41 | AB22: 42205 | AC22: 122 | AD22: 119096 | AE22: 175 | AF22: 169810 | AG22: 20 | AH22: 0
A23: =SUM(G23:O23) -> 289976 | B23: =B22+A23 -> 5558116 | C23: 46101 | D23: 金 | F23: 307 | G23: 65010 | H23: 84473 | I23: 32774 | J23: 52072 | K23: 29880 | L23: 2640 | N23: 23127 | U23: =C23 -> 46101 | V23: =$G$2 -> 10201 | W23: =G23 -> 65010 | X23: =C23 -> 46101 | Y23: =F23 -> 307 | AA23: 68 | AB23: 71647 | AC23: 146 | AD23: 145471 | AE23: 216 | AF23: 212795 | AG23: 20 | AH23: 0
A24: =SUM(G24:O24) -> 279182 | B24: =B23+A24 -> 5837298 | C24: 46102 | D24: 土 | F24: 283 | G24: 61995 | H24: 78948 | I24: 24572 | J24: 58309 | K24: 25960 | L24: 2750 | N24: 26648 | U24: =C24 -> 46102 | V24: =$G$2 -> 10201 | W24: =G24 -> 61995 | X24: =C24 -> 46102 | Y24: =F24 -> 283 | AA24: 45 | AB24: 47462 | AC24: 127 | AD24: 129218 | AE24: 191 | AF24: 195150 | AG24: 20 | AH24: 0
A25: =SUM(G25:O25) -> 257191 | B25: =B24+A25 -> 6094489 | C25: 46103 | D25: 日 | F25: 278 | G25: 48497 | H25: 90381 | I25: 21791 | J25: 40451 | K25: 28400 | L25: 3100 | N25: 24571 | U25: =C25 -> 46103 | V25: =$G$2 -> 10201 | W25: =G25 -> 48497 | X25: =C25 -> 46103 | Y25: =F25 -> 278 | AA25: 56 | AB25: 54364 | AC25: 135 | AD25: 122629 | AE25: 196 | AF25: 184795 | AG25: 20 | AH25: 0
A26: =SUM(G26:O26) -> 310007 | B26: =B25+A26 -> 6404496 | C26: 46104 | D26: 月 | F26: 353 | G26: 39142 | H26: 73968 | I26: 17268 | J26: 30206 | K26: 23670 | L26: 0 | M26: 107885 | N26: 17868 | U26: =C26 -> 46104 | V26: =$G$2 -> 10201 | W26: =G26 -> 39142 | X26: =C26 -> 46104 | Y26: =F26 -> 353 | AA26: 46 | AB26: 19171 | AC26: 118 | AD26: 116080 | AE26: 190 | AF26: 182911 | AG26: 20 | AH26: 2
A27: =SUM(G27:O27) -> 263755 | B27: =B26+A27 -> 6668251 | C27: 46105 | D27: 火 | F27: 160 | G27: 49360 | H27: 102740 | I27: 25638 | J27: 40573 | K27: 25773 | L27: 2695 | N27: 16976 | U27: =C27 -> 46105 | V27: =$G$2 -> 10201 | W27: =G27 -> 49360 | X27: =C27 -> 46105 | Y27: =F27 -> 160 | AA27: 46 | AB27: 45317 | AC27: 122 | AD27: 117900 | AE27: 179 | AF27: 175077 | AG27: 32 | AH27: 0
A28: =SUM(G28:O28) -> 252910 | B28: =B27+A28 -> 6921161 | C28: 46106 | D28: 水 | F28: 265 | G28: 50580 | H28: 90305 | I28: 24238 | J28: 42440 | K28: 25980 | L28: 3300 | N28: 16067 | U28: =C28 -> 46106 | V28: =$G$2 -> 10201 | W28: =G28 -> 50580 | X28: =C28 -> 46106 | Y28: =F28 -> 265 | AA28: 40 | AB28: 43318 | AC28: 112 | AD28: 113061 | AE28: 162 | AF28: 163893 | AG28: 20 | AH28: 0
A29: =SUM(G29:O29) -> 384858 | B29: =B28+A29 -> 7306019 | C29: 46107 | D29: 木 | F29: 420 | G29: 50610 | H29: 93741 | I29: 27403 | J29: 56911 | K29: 18680 | L29: 3100 | M29: 116528 | N29: 17885 | U29: =C29 -> 46107 | V29: =$G$2 -> 10201 | W29: =G29 -> 50610 | X29: =C29 -> 46107 | Y29: =F29 -> 420 | AA29: 46 | AB29: 42742 | AC29: 141 | AD29: 137957 | AE29: 246 | AF29: 245058 | AG29: 20 | AH29: 0
A30: =SUM(G30:O30) -> 261252 | B30: =B29+A30 -> 7567271 | C30: 46108 | D30: 金 | F30: 290 | G30: 55240 | H30: 87980 | I30: 21980 | J30: 44043 | K30: 28766 | L30: 3300 | N30: 19943 | U30: =C30 -> 46108 | V30: =$G$2 -> 10201 | W30: =G30 -> 55240 | X30: =C30 -> 46108 | Y30: =F30 -> 290 | AA30: 40 | AB30: 38908 | AC30: 117 | AD30: 110020 | AE30: 176 | AF30: 168985 | AG30: 30 | AH30: 4
A31: =SUM(G31:O31) -> 279789 | B31: =B30+A31 -> 7847060 | C31: 46109 | D31: 土 | F31: 298 | G31: 63547 | H31: 77032 | I31: 27725 | J31: 48528 | K31: 33060 | L31: 2750 | N31: 27147 | U31: =C31 -> 46109 | V31: =$G$2 -> 10201 | W31: =G31 -> 63547 | X31: =C31 -> 46109 | Y31: =F31 -> 298 | AA31: 49 | AB31: 90712 | AC31: 133 | AD31: 132498 | AE31: 187 | AF31: 181461 | AG31: 20 | AH31: 0
A32: =SUM(G32:O32) -> 273213 | B32: =B31+A32 -> 8120273 | C32: 46110 | D32: 日 | F32: 293 | G32: 53561 | H32: 83540 | I32: 22841 | J32: 52386 | K32: 33560 | L32: 2990 | N32: 24335 | U32: =C32 -> 46110 | V32: =$G$2 -> 10201 | W32: =G32 -> 53561 | X32: =C32 -> 46110 | Y32: =F32 -> 293 | AA32: 36 | AB32: 34586 | AC32: 104 | AD32: 98754 | AE32: 185 | AF32: 179053 | AG32: 20 | AH32: 0
A33: =SUM(G33:O33) -> 380433 | B33: =B32+A33 -> 8500706 | C33: 46111 | D33: 月 | F33: 400 | G33: 48205 | H33: 84943 | I33: 20296 | J33: 52814 | K33: 25355 | L33: 2200 | M33: 130520 | N33: 16100 | U33: =C33 -> 46111 | V33: =$G$2 -> 10201 | W33: =G33 -> 48205 | X33: =C33 -> 46111 | Y33: =F33 -> 400 | AA33: 56 | AB33: 61828 | AC33: 152 | AD33: 156263 | AE33: 230 | AF33: 235427 | AG33: 20 | AH33: 0
A34: =SUM(G34:O34) -> 212693 | B34: =B33+A34 -> 8713399 | C34: 46112 | D34: 火 | F34: 255 | G34: 36610 | H34: 81294 | I34: 16746 | J34: 32219 | K34: 24620 | L34: 1450 | N34: 19754 | U34: =C34 -> 46112 | V34: =$G$2 -> 10201 | W34: =G34 -> 36610 | X34: =C34 -> 46112 | Y34: =F34 -> 255 | AA34: 30 | AB34: 24634 | AC34: 84 | AD34: 70096 | AE34: 136 | AF34: 112918 | AG34: 28 | AH34: 0
D35: 客数合計 | E35: =SUM(E4:E34) -> 0 | F35: =SUM(F4:F34) -> 9367 | U35: =C4 -> 46082 | V35: =$H$2 -> 10202 | W35: =H4 -> 89204
U36: =C5 -> 46083 | V36: =$H$2 -> 10202 | W36: =H5 -> 88106
U37: =C6 -> 46084 | V37: =$H$2 -> 10202 | W37: =H6 -> 85911
U38: =C7 -> 46085 | V38: =$H$2 -> 10202 | W38: =H7 -> 80162
U39: =C8 -> 46086 | V39: =$H$2 -> 10202 | W39: =H8 -> 86340
U40: =C9 -> 46087 | V40: =$H$2 -> 10202 | W40: =H9 -> 91893
U41: =C10 -> 46088 | V41: =$H$2 -> 10202 | W41: =H10 -> 91019
U42: =C11 -> 46089 | V42: =$H$2 -> 10202 | W42: =H11 -> 86557
U43: =C12 -> 46090 | V43: =$H$2 -> 10202 | W43: =H12 -> 87916
U44: =C13 -> 46091 | V44: =$H$2 -> 10202 | W44: =H13 -> 96231
U45: =C14 -> 46092 | V45: =$H$2 -> 10202 | W45: =H14 -> 85870
U46: =C15 -> 46093 | V46: =$H$2 -> 10202 | W46: =H15 -> 81435
U47: =C16 -> 46094 | V47: =$H$2 -> 10202 | W47: =H16 -> 87144
... U65: =C34 -> 46112 | V65: =$H$2 -> 10202 | W65: =H34 -> 81294
U66: =C4 -> 46082 | V66: =$I$2 -> 10203 | W66: =I4 -> 19725
U67: =C5 -> 46083 | V67: =$I$2 -> 10203 | W67: =I5 -> 19430
U68: =C6 -> 46084 | V68: =$I$2 -> 10203 | W68: =I6 -> 17876
U69: =C7 -> 46085 | V69: =$I$2 -> 10203 | W69: =I7 -> 20906
U70: =C8 -> 46086 | V70: =$I$2 -> 10203 | W70: =I8 -> 24537
U71: =C9 -> 46087 | V71: =$I$2 -> 10203 | W71: =I9 -> 24366
U72: =C10 -> 46088 | V72: =$I$2 -> 10203 | W72: =I10 -> 23907
U73: =C11 -> 46089 | V73: =$I$2 -> 10203 | W73: =I11 -> 31426
U74: =C12 -> 46090 | V74: =$I$2 -> 10203 | W74: =I12 -> 19211
U75: =C13 -> 46091 | V75: =$I$2 -> 10203 | W75: =I13 -> 24723
U76: =C14 -> 46092 | V76: =$I$2 -> 10203 | W76: =I14 -> 18235
U77: =C15 -> 46093 | V77: =$I$2 -> 10203 | W77: =I15 -> 25025
... U96: =C34 -> 46112 | V96: =$I$2 -> 10203 | W96: =I34 -> 16746
U97: =C4 -> 46082 | V97: =$J$2 -> 10204 | W97: =J4 -> 40020
U98: =C5 -> 46083 | V98: =$J$2 -> 10204 | W98: =J5 -> 40604
U99: =C6 -> 46084 | V99: =$J$2 -> 10204 | W99: =J6 -> 51390
U100: =C7 -> 46085 | V100: =$J$2 -> 10204 | W100: =J7 -> 38917
U101: =C8 -> 46086 | V101: =$J$2 -> 10204 | W101: =J8 -> 48110
U102: =C9 -> 46087 | V102: =$J$2 -> 10204 | W102: =J9 -> 56040
U103: =C10 -> 46088 | V103: =$J$2 -> 10204 | W103: =J10 -> 61153
U104: =C11 -> 46089 | V104: =$J$2 -> 10204 | W104: =J11 -> 51807
U105: =C12 -> 46090 | V105: =$J$2 -> 10204 | W105: =J12 -> 29110
U106: =C13 -> 46091 | V106: =$J$2 -> 10204 | W106: =J13 -> 48632
U107: =C14 -> 46092 | V107: =$J$2 -> 10204 | W107: =J14 -> 70826
U108: =C15 -> 46093 | V108: =$J$2 -> 10204 | W108: =J15 -> 53030
... U127: =C34 -> 46112 | V127: =$J$2 -> 10204 | W127: =J34 -> 32219
U128: =C4 -> 46082 | V128: =$K$2 -> 10207 | W128: =K4 -> 27660
U129: =C5 -> 46083 | V129: =$K$2 -> 10207 | W129: =K5 -> 23700
U130: =C6 -> 46084 | V130: =$K$2 -> 10207 | W130: =K6 -> 24070
U131: =C7 -> 46085 | V131: =$K$2 -> 10207 | W131: =K7 -> 24205
U132: =C8 -> 46086 | V132: =$K$2 -> 10207 | W132: =K8 -> 25590
U133: =C9 -> 46087 | V133: =$K$2 -> 10207 | W133: =K9 -> 25550
U134: =C10 -> 46088 | V134: =$K$2 -> 10207 | W134: =K10 -> 28320
U135: =C11 -> 46089 | V135: =$K$2 -> 10207 | W135: =K11 -> 15785
U136: =C12 -> 46090 | V136: =$K$2 -> 10207 | W136: =K12 -> 22110
U137: =C13 -> 46091 | V137: =$K$2 -> 10207 | W137: =K13 -> 22700
U138: =C14 -> 46092 | V138: =$K$2 -> 10207 | W138: =K14 -> 25860
U139: =C15 -> 46093 | V139: =$K$2 -> 10207 | W139: =K15 -> 29420
... U158: =C34 -> 46112 | V158: =$K$2 -> 10207 | W158: =K34 -> 24620
U159: =C4 -> 46082 | V159: =$L$2 -> 10212 | W159: =L4 -> 11745
U160: =C5 -> 46083 | V160: =$L$2 -> 10212 | W160: =L5 -> 9340
U161: =C6 -> 46084 | V161: =$L$2 -> 10212 | W161: =L6 -> 9875
U162: =C7 -> 46085 | V162: =$L$2 -> 10212 | W162: =L7 -> 10125
U163: =C8 -> 46086 | V163: =$L$2 -> 10212 | W163: =L8 -> 11140
U164: =C9 -> 46087 | V164: =$L$2 -> 10212 | W164: =L9 -> 11100
U165: =C10 -> 46088 | V165: =$L$2 -> 10212 | W165: =L10 -> 10290
U166: =C11 -> 46089 | V166: =$L$2 -> 10212 | W166: =L11 -> 8879
U167: =C12 -> 46090 | V167: =$L$2 -> 10212 | W167: =L12 -> 10000
U168: =C13 -> 46091 | V168: =$L$2 -> 10212 | W168: =L13 -> 11575
U169: =C14 -> 46092 | V169: =$L$2 -> 10212 | W169: =L14 -> 3300
U170: =C15 -> 46093 | V170: =$L$2 -> 10212 | W170: =L15 -> 1650
... U189: =C34 -> 46112 | V189: =$L$2 -> 10212 | W189: =L34 -> 1450
...

Sheet 東大阪
A1: 103 | C1: 東大阪 | G1: 01 | H1: 02 | I1: 04 | J1: 07 | K1: 15 | L1: 13 | AA1: 12：00 | AC1: 15：00 | AE1: 17：00 | AG1: からすかれい煮付
A2: 2026年 | G2: =CONCATENATE($A$1,G1) -> 10301 | H2: =CONCATENATE($A$1,H1) -> 10302 | I2: =CONCATENATE($A$1,I1) -> 10304 | J2: =CONCATENATE($A$1,J1) -> 10307 | K2: =CONCATENATE($A$1,K1) -> 10315 | L2: =CONCATENATE($A$1,L1) -> 10313
A3: 店合計 | B3: 累計 | C3: 日付 | E3: 上代合計 | F3: 客数 | G3: 天ぷら | H3: 魚 | I3: 串揚 | J3: 冷惣菜 | K3: イカ焼 | L3: 催事（ワカメ等） | AA3: 客数 | AB3: 合計 | AC3: 客数 | AD3: 合計 | AE3: 客数 | AF3: 合計 | AG3: 製造数量 | AH3: 廃棄数量
A4: =SUM(G4:L4) -> 74661 | B4: =A4 -> 74661 | C4: 46082 | D4: 日 | F4: 95 | G4: 19060 | H4: 24500 | I4: 9090 | J4: 11990 | K4: 9381 | L4: 640 | U4: =C4 -> 46082 | V4: =$G$2 -> 10301 | W4: =G4 -> 19060 | X4: =C4 -> 46082 | Y4: =F4 -> 95 | AA4: 32 | AB4: 28110 | AC4: 72 | AD4: 60412 | AE4: 85 | AF4: 68816 | AG4: 8 | AH4: 0
A5: =SUM(G5:L5) -> 64738 | B5: =B4+A5 -> 139399 | C5: 46083 | D5: 月 | F5: 102 | G5: 17530 | H5: 18259 | I5: 10570 | J5: 10730 | K5: 6689 | L5: 960 | U5: =C5 -> 46083 | V5: =$G$2 -> 10301 | W5: =G5 -> 17530 | X5: =C5 -> 46083 | Y5: =F5 -> 102 | AA5: 29 | AB5: 20058 | AC5: 57 | AD5: 38028 | AE5: 78 | AF5: 49299 | AG5: 8 | AH5: 0
A6: =SUM(G6:L6) -> 63793 | B6: =B5+A6 -> 203192 | C6: 46084 | D6: 火 | F6: 93 | G6: 16690 | H6: 19439 | I6: 9700 | J6: 10172 | K6: 6512 | L6: 1280 | U6: =C6 -> 46084 | V6: =$G$2 -> 10301 | W6: =G6 -> 16690 | X6: =C6 -> 46084 | Y6: =F6 -> 93 | AA6: 12 | AB6: 10117 | AC6: 36 | AD6: 31150 | AE6: 59 | AF6: 46081 | AG6: 8 | AH6: 0
A7: =SUM(G7:L7) -> 74746 | B7: =B6+A7 -> 277938 | C7: 46085 | D7: 水 | F7: 103 | G7: 19560 | H7: 23050 | I7: 10050 | J7: 10670 | K7: 8776 | L7: 2640 | U7: =C7 -> 46085 | V7: =$G$2 -> 10301 | W7: =G7 -> 19560 | X7: =C7 -> 46085 | Y7: =F7 -> 103 | AA7: 23 | AB7: 20386 | AC7: 55 | AD7: 46312 | AE7: 79 | AF7: 62475 | AG7: 8 | AH7: 0
A8: =SUM(G8:L8) -> 72019 | B8: =B7+A8 -> 349957 | C8: 46086 | D8: 木 | F8: 102 | G8: 19510 | H8: 20740 | I8: 9950 | J8: 11470 | K8: 9069 | L8: 1280 | U8: =C8 -> 46086 | V8: =$G$2 -> 10301 | W8: =G8 -> 19510 | X8: =C8 -> 46086 | Y8: =F8 -> 102 | AA8: 30 | AB8: 25078 | AC8: 59 | AD8: 47386 | AE8: 72 | AF8: 55394 | AG8: 8 | AH8: 0
A9: =SUM(G9:L9) -> 69394 | B9: =B8+A9 -> 419351 | C9: 46087 | D9: 金 | F9: 105 | G9: 19853 | H9: 18280 | I9: 9768 | J9: 12129 | K9: 6084 | L9: 3280 | U9: =C9 -> 46087 | V9: =$G$2 -> 10301 | W9: =G9 -> 19853 | X9: =C9 -> 46087 | Y9: =F9 -> 105 | AA9: 27 | AB9: 18084 | AE9: 72 | AF9: 51826 | AG9: 8 | AH9: 0
A10: =SUM(G10:L10) -> 69827 | B10: =B9+A10 -> 489178 | C10: 46088 | D10: 土 | F10: 114 | G10: 19845 | H10: 17470 | I10: 10030 | J10: 10452 | K10: 8830 | L10: 3200 | U10: =C10 -> 46088 | V10: =$G$2 -> 10301 | W10: =G10 -> 19845 | X10: =C10 -> 46088 | Y10: =F10 -> 114 | AA10: 21 | AB10: 15794 | AC10: 53 | AD10: 37408 | AE10: 84 | AF10: 54924 | AG10: 8 | AH10: 2
A11: =SUM(G11:L11) -> 78223 | B11: =B10+A11 -> 567401 | C11: 46089 | D11: 日 | F11: 109 | G11: 19522 | H11: 26330 | I11: 9693 | J11: 11940 | K11: 8338 | L11: 2400 | U11: =C11 -> 46089 | V11: =$G$2 -> 10301 | W11: =G11 -> 19522 | X11: =C11 -> 46089 | Y11: =F11 -> 109 | AA11: 28 | AB11: 19391 | AC11: 57 | AD11: 42303 | AE11: 86 | AF11: 66406 | AG11: 8 | AH11: 0
A12: =SUM(G12:L12) -> 66080 | B12: =B11+A12 -> 633481 | C12: 46090 | D12: 月 | F12: 99 | G12: 14900 | H12: 24230 | I12: 10050 | J12: 10218 | K12: 5082 | L12: 1600 | U12: =C12 -> 46090 | V12: =$G$2 -> 10301 | W12: =G12 -> 14900 | X12: =C12 -> 46090 | Y12: =F12 -> 99 | AA12: 26 | AB12: 25316 | AC12: 50 | AD12: 40332 | AE12: 67 | AF12: 50508 | AG12: 8 | AH12: 0
A13: =SUM(G13:L13) -> 69919 | B13: =B12+A13 -> 703400 | C13: 46091 | D13: 火 | F13: 98 | G13: 19210 | H13: 22000 | I13: 9030 | J13: 10440 | K13: 7639 | L13: 1600 | U13: =C13 -> 46091 | V13: =$G$2 -> 10301 | W13: =G13 -> 19210 | X13: =C13 -> 46091 | Y13: =F13 -> 98 | AA13: 21 | AB13: 17774 | AC13: 48 | AD13: 41297 | AE13: 65 | AF13: 52441 | AG13: 8 | AH13: 0
A14: =SUM(G14:L14) -> 70912 | B14: =B13+A14 -> 774312 | C14: 46092 | D14: 水 | F14: 95 | G14: 17110 | H14: 24430 | I14: 10061 | J14: 9940 | K14: 7451 | L14: 1920 | U14: =C14 -> 46092 | V14: =$G$2 -> 10301 | W14: =G14 -> 17110 | X14: =C14 -> 46092 | Y14: =F14 -> 95 | AA14: 22 | AB14: 18830 | AC14: 47 | AD14: 38589 | AE14: 68 | AF14: 55681 | AG14: 8 | AH14: 0
A15: =SUM(G15:L15) -> 68500 | B15: =B14+A15 -> 842812 | C15: 46093 | D15: 木 | F15: 98 | G15: 18189 | H15: 20420 | I15: 9831 | J15: 12070 | K15: 7670 | L15: 320 | U15: =C15 -> 46093 | V15: =$G$2 -> 10301 | W15: =G15 -> 18189 | X15: =C15 -> 46093 | Y15: =F15 -> 98 | AA15: 16 | AB15: 16496 | AC15: 44 | AD15: 34454 | AE15: 65 | AF15: 48771 | AG15: 8 | AH15: 0
A16: =SUM(G16:L16) -> 72879 | B16: =B15+A16 -> 915691 | C16: 46094 | D16: 金 | F16: 109 | G16: 19150 | H16: 22840 | I16: 8080 | J16: 11870 | K16: 8651 | L16: 2288 | U16: =C16 -> 46094 | V16: =$G$2 -> 10301 | W16: =G16 -> 19150 | X16: =C16 -> 46094 | Y16: =F16 -> 109 | AA16: 22 | AB16: 19018 | AC16: 52 | AD16: 37738 | AE16: 72 | AF16: 53596 | AG16: 8 | AH16: 0
A17: =SUM(G17:L17) -> 75599 | B17: =B16+A17 -> 991290 | C17: 46095 | D17: 土 | F17: 119 | G17: 20040 | H17: 22280 | I17: 9930 | J17: 11470 | K17: 7159 | L17: 4720 | U17: =C17 -> 46095 | V17: =$G$2 -> 10301 | W17: =G17 -> 20040 | X17: =C17 -> 46095 | Y17: =F17 -> 119 | AA17: 21 | AB17: 15090 | AC17: 58 | AD17: 43380 | AE17: 82 | AF17: 54238 | AG17: 8 | AH17: 0
A18: =SUM(G18:L18) -> 80380 | B18: =B17+A18 -> 1071670 | C18: 46096 | D18: 日 | F18: 118 | G18: 20920 | H18: 20876 | I18: 13540 | J18: 11270 | K18: 9454 | L18: 4320 | U18: =C18 -> 46096 | V18: =$G$2 -> 10301 | W18: =G18 -> 20920 | X18: =C18 -> 46096 | Y18: =F18 -> 118 | AA18: 37 | AB18: 24016 | AC18: 72 | AD18: 53372 | AE18: 97 | AF18: 70300 | AG18: 8 | AH18: 0
A19: =SUM(G19:L19) -> 75433 | B19: =B18+A19 -> 1147103 | C19: 46097 | D19: 月 | F19: 99 | G19: 19430 | H19: 26130 | I19: 9700 | J19: 11070 | K19: 8463 | L19: 640 | U19: =C19 -> 46097 | V19: =$G$2 -> 10301 | W19: =G19 -> 19430 | X19: =C19 -> 46097 | Y19: =F19 -> 99 | AA19: 20 | AB19: 21196 | AC19: 47 | AD19: 43290 | AE19: 71 | AF19: 58673 | AG19: 8 | AH19: 0
A20: =SUM(G20:L20) -> 72192 | B20: =B19+A20 -> 1219295 | C20: 46098 | D20: 火 | F20: 112 | G20: 17540 | H20: 23770 | I20: 9730 | J20: 11270 | K20: 8922 | L20: 960 | U20: =C20 -> 46098 | V20: =$G$2 -> 10301 | W20: =G20 -> 17540 | X20: =C20 -> 46098 | Y20: =F20 -> 112 | AA20: 24 | AB20: 21420 | AC20: 55 | AD20: 42444 | AE20: 68 | AF20: 48948 | AG20: 8 | AH20: 0
A21: =SUM(G21:L21) -> 73014 | B21: =B20+A21 -> 1292309 | C21: 46099 | D21: 水 | F21: 100 | G21: 16960 | H21: 24070 | I21: 9150 | J21: 11870 | K21: 8724 | L21: 2240 | U21: =C21 -> 46099 | V21: =$G$2 -> 10301 | W21: =G21 -> 16960 | X21: =C21 -> 46099 | Y21: =F21 -> 100 | AA21: 31 | AB21: 28268 | AC21: 54 | AD21: 45212 | AE21: 68 | AF21: 55925 | AG21: 8 | AH21: 0
... A25: =SUM(G25:L25) -> 71794 | B25: =B24+A25 -> 1589822 | C25: 46103 | D25: 日 | F25: 108 | G25: 19800 | H25: 21880 | I25: 11530 | J25: 9349 | K25: 7315 | L25: 1920 | U25: =C25 -> 46103 | V25: =$G$2 -> 10301 | W25: =G25 -> 19800 | X25: =C25 -> 46103 | Y25: =F25 -> 108 | AA25: 31 | AB25: 22692 | AC25: 54 | AD25: 40426 | AE25: 80 | AF25: 55980 | AG25: 8 | AH25: 0
A26: =SUM(G26:L26) -> 61099 | B26: =B25+A26 -> 1650921 | C26: 46104 | D26: 月 | F26: 99 | G26: 16620 | H26: 19340 | I26: 7930 | J26: 9845 | K26: 7044 | L26: 320 | U26: =C26 -> 46104 | V26: =$G$2 -> 10301 | W26: =G26 -> 16620 | X26: =C26 -> 46104 | Y26: =F26 -> 99 | AA26: 20 | AB26: 12376 | AC26: 50 | AD26: 30306 | AG26: 8 | AH26: 0
A27: =SUM(G27:L27) -> 69710 | B27: =B26+A27 -> 1720631 | C27: 46105 | D27: 火 | F27: 101 | G27: 19110 | H27: 21430 | I27: 8880 | J27: 10217 | K27: 7785 | L27: 2288 | U27: =C27 -> 46105 | V27: =$G$2 -> 10301 | W27: =G27 -> 19110 | X27: =C27 -> 46105 | Y27: =F27 -> 101 | AA27: 21 | AB27: 13436 | AC27: 44 | AD27: 33966 | AE27: 60 | AF27: 44402 | AG27: 8 | AH27: 0
A28: =SUM(G28:L28) -> 62766 | B28: =B27+A28 -> 1783397 | C28: 46106 | D28: 水 | F28: 98 | G28: 15823 | H28: 20301 | I28: 8530 | J28: 9426 | K28: 8046 | L28: 640 | U28: =C28 -> 46106 | V28: =$G$2 -> 10301 | W28: =G28 -> 15823 | X28: =C28 -> 46106 | Y28: =F28 -> 98 | AA28: 22 | AB28: 13857 | AC28: 46 | AD28: 31543 | AE28: 64 | AF28: 43859 | AG28: 8 | AH28: 0
A29: =SUM(G29:L29) -> 75397 | B29: =B28+A29 -> 1858794 | C29: 46107 | D29: 木 | F29: 116 | G29: 19480 | H29: 23355 | I29: 8448 | J29: 13330 | K29: 7264 | L29: 3520 | U29: =C29 -> 46107 | V29: =$G$2 -> 10301 | W29: =G29 -> 19480 | X29: =C29 -> 46107 | Y29: =F29 -> 116 | AA29: 27 | AB29: 17962 | AE29: 70 | AF29: 50246 | AG29: 8 | AH29: 0
A30: =SUM(G30:L30) -> 66974 | B30: =B29+A30 -> 1925768 | C30: 46108 | D30: 金 | F30: 98 | G30: 17470 | H30: 20440 | I30: 9713 | J30: 10070 | K30: 8241 | L30: 1040 | U30: =C30 -> 46108 | V30: =$G$2 -> 10301 | W30: =G30 -> 17470 | X30: =C30 -> 46108 | Y30: =F30 -> 98 | AA30: 24 | AB30: 17173 | AC30: 41 | AD30: 30307 | AE30: 63 | AF30: 47580 | AG30: 8 | AH30: 0
A31: =SUM(G31:L31) -> 76194 | B31: =B30+L30 -> 1926808 | C31: 46109 | D31: 土 | F31: 110 | G31: 19620 | H31: 23570 | I31: 10840 | J31: 10790 | K31: 9454 | L31: 1920 | U31: =C31 -> 46109 | V31: =$G$2 -> 10301 | W31: =G31 -> 19620 | X31: =C31 -> 46109 | Y31: =F31 -> 110 | AA31: 26 | AB31: 19900 | AC31: 65 | AD31: 52004 | AE31: 81 | AF31: 61333 | AG31: 8 | AH31: 0
A32: =SUM(G32:L32) -> 76408 | B32: =B31+A32 -> 2003216 | C32: 46110 | D32: 日 | F32: 115 | G32: 22060 | H32: 22750 | I32: 9850 | J32: 8986 | K32: 9162 | L32: 3600 | U32: =C32 -> 46110 | V32: =$G$2 -> 10301 | W32: =G32 -> 22060 | X32: =C32 -> 46110 | Y32: =F32 -> 115 | AA32: 27 | AB32: 23648 | AC32: 63 | AD32: 48224 | AE32: 83 | AF32: 58716 | AG32: 8 | AH32: 0
A33: =SUM(G33:L33) -> 71896 | B33: =B32+A33 -> 2075112 | C33: 46111 | D33: 月 | F33: 97 | G33: 19100 | H33: 22990 | I33: 9200 | J33: 11270 | K33: 8056 | L33: 1280 | U33: =C33 -> 46111 | V33: =$G$2 -> 10301 | W33: =G33 -> 19100 | X33: =C33 -> 46111 | Y33: =F33 -> 97 | AA33: 26 | AB33: 23380 | AC33: 54 | AD33: 41544 | AE33: 70 | AF33: 53936 | AG33: 8 | AH33: 0
A34: =SUM(G34:L34) -> 67225 | B34: =B33+A34 -> 2142337 | C34: 46112 | D34: 火 | F34: 90 | G34: 16320 | H34: 20856 | I34: 9250 | J34: 11870 | K34: 7649 | L34: 1280 | U34: =C34 -> 46112 | V34: =$G$2 -> 10301 | W34: =G34 -> 16320 | X34: =C34 -> 46112 | Y34: =F34 -> 90 | AA34: 18 | AB34: 12830 | AC34: 41 | AD34: 38190 | AE34: 64 | AF34: 52785 | AG34: 8 | AH34: 0
D35: 客数合計 | E35: =SUM(E4:E34) -> 0 | F35: =SUM(F4:F34) -> 3214 | U35: =C4 -> 46082 | V35: =$H$2 -> 10302 | W35: =H4 -> 24500
U36: =C5 -> 46083 | V36: =$H$2 -> 10302 | W36: =H5 -> 18259
U37: =C6 -> 46084 | V37: =$H$2 -> 10302 | W37: =H6 -> 19439
U38: =C7 -> 46085 | V38: =$H$2 -> 10302 | W38: =H7 -> 23050
U39: =C8 -> 46086 | V39: =$H$2 -> 10302 | W39: =H8 -> 20740
U40: =C9 -> 46087 | V40: =$H$2 -> 10302 | W40: =H9 -> 18280
U41: =C10 -> 46088 | V41: =$H$2 -> 10302 | W41: =H10 -> 17470
U42: =C11 -> 46089 | V42: =$H$2 -> 10302 | W42: =H11 -> 26330
U43: =C12 -> 46090 | V43: =$H$2 -> 10302 | W43: =H12 -> 24230
U44: =C13 -> 46091 | V44: =$H$2 -> 10302 | W44: =H13 -> 22000
U45: =C14 -> 46092 | V45: =$H$2 -> 10302 | W45: =H14 -> 24430
U46: =C15 -> 46093 | V46: =$H$2 -> 10302 | W46: =H15 -> 20420
U47: =C16 -> 46094 | V47: =$H$2 -> 10302 | W47: =H16 -> 22840
... U65: =C34 -> 46112 | V65: =$H$2 -> 10302 | W65: =H34 -> 20856
U66: =C4 -> 46082 | V66: =$I$2 -> 10304 | W66: =I4 -> 9090
U67: =C5 -> 46083 | V67: =$I$2 -> 10304 | W67: =I5 -> 10570
U68: =C6 -> 46084 | V68: =$I$2 -> 10304 | W68: =I6 -> 9700
U69: =C7 -> 46085 | V69: =$I$2 -> 10304 | W69: =I7 -> 10050
U70: =C8 -> 46086 | V70: =$I$2 -> 10304 | W70: =I8 -> 9950
U71: =C9 -> 46087 | V71: =$I$2 -> 10304 | W71: =I9 -> 9768
U72: =C10 -> 46088 | V72: =$I$2 -> 10304 | W72: =I10 -> 10030
U73: =C11 -> 46089 | V73: =$I$2 -> 10304 | W73: =I11 -> 9693
U74: =C12 -> 46090 | V74: =$I$2 -> 10304 | W74: =I12 -> 10050
U75: =C13 -> 46091 | V75: =$I$2 -> 10304 | W75: =I13 -> 9030
U76: =C14 -> 46092 | V76: =$I$2 -> 10304 | W76: =I14 -> 10061
U77: =C15 -> 46093 | V77: =$I$2 -> 10304 | W77: =I15 -> 9831
... U96: =C34 -> 46112 | V96: =$I$2 -> 10304 | W96: =I34 -> 9250
U97: =C4 -> 46082 | V97: =$J$2 -> 10307 | W97: =J4 -> 11990
U98: =C5 -> 46083 | V98: =$J$2 -> 10307 | W98: =J5 -> 10730
U99: =C6 -> 46084 | V99: =$J$2 -> 10307 | W99: =J6 -> 10172
U100: =C7 -> 46085 | V100: =$J$2 -> 10307 | W100: =J7 -> 10670
U101: =C8 -> 46086 | V101: =$J$2 -> 10307 | W101: =J8 -> 11470
U102: =C9 -> 46087 | V102: =$J$2 -> 10307 | W102: =J9 -> 12129
U103: =C10 -> 46088 | V103: =$J$2 -> 10307 | W103: =J10 -> 10452
U104: =C11 -> 46089 | V104: =$J$2 -> 10307 | W104: =J11 -> 11940
U105: =C12 -> 46090 | V105: =$J$2 -> 10307 | W105: =J12 -> 10218
U106: =C13 -> 46091 | V106: =$J$2 -> 10307 | W106: =J13 -> 10440
U107: =C14 -> 46092 | V107: =$J$2 -> 10307 | W107: =J14 -> 9940
U108: =C15 -> 46093 | V108: =$J$2 -> 10307 | W108: =J15 -> 12070
... U127: =C34 -> 46112 | V127: =$J$2 -> 10307 | W127: =J34 -> 11870
U128: =C4 -> 46082 | V128: =$K$2 -> 10315 | W128: =K4 -> 9381
U129: =C5 -> 46083 | V129: =$K$2 -> 10315 | W129: =K5 -> 6689
U130: =C6 -> 46084 | V130: =$K$2 -> 10315 | W130: =K6 -> 6512
U131: =C7 -> 46085 | V131: =$K$2 -> 10315 | W131: =K7 -> 8776
U132: =C8 -> 46086 | V132: =$K$2 -> 10315 | W132: =K8 -> 9069
U133: =C9 -> 46087 | V133: =$K$2 -> 10315 | W133: =K9 -> 6084
U134: =C10 -> 46088 | V134: =$K$2 -> 10315 | W134: =K10 -> 8830
U135: =C11 -> 46089 | V135: =$K$2 -> 10315 | W135: =K11 -> 8338
U136: =C12 -> 46090 | V136: =$K$2 -> 10315 | W136: =K12 -> 5082
U137: =C13 -> 46091 | V137: =$K$2 -> 10315 | W137: =K13 -> 7639
U138: =C14 -> 46092 | V138: =$K$2 -> 10315 | W138: =K14 -> 7451
U139: =C15 -> 46093 | V139: =$K$2 -> 10315 | W139: =K15 -> 7670
... U158: =C34 -> 46112 | V158: =$K$2 -> 10315 | W158: =K34 -> 7649
U159: =C4 -> 46082 | V159: =$L$2 -> 10313 | W159: =L4 -> 640
U160: =C5 -> 46083 | V160: =$L$2 -> 10313 | W160: =L5 -> 960
U161: =C6 -> 46084 | V161: =$L$2 -> 10313 | W161: =L6 -> 1280
U162: =C7 -> 46085 | V162: =$L$2 -> 10313 | W162: =L7 -> 2640
U163: =C8 -> 46086 | V163: =$L$2 -> 10313 | W163: =L8 -> 1280
U164: =C9 -> 46087 | V164: =$L$2 -> 10313 | W164: =L9 -> 3280
U165: =C10 -> 46088 | V165: =$L$2 -> 10313 | W165: =L10 -> 3200
U166: =C11 -> 46089 | V166: =$L$2 -> 10313 | W166: =L11 -> 2400
U167: =C12 -> 46090 | V167: =$L$2 -> 10313 | W167: =L12 -> 1600
U168: =C13 -> 46091 | V168: =$L$2 -> 10313 | W168: =L13 -> 1600
U169: =C14 -> 46092 | V169: =$L$2 -> 10313 | W169: =L14 -> 1920
U170: =C15 -> 46093 | V170: =$L$2 -> 10313 | W170: =L15 -> 320
... U189: =C34 -> 46112 | V189: =$L$2 -> 10313 | W189: =L34 -> 1280

Sheet 橿原
A1: 104 | C1: 橿原 | G1: 01 | H1: 02 | I1: 03 | J1: 04 | K1: 07 | L1: 15 | M1: 11 | N1: 12 | AA1: 12：00 | AC1: 15：00 | AE1: 17：00 | AG1: からすかれい煮付
A2: 2026年 | G2: =CONCATENATE($A$1,G1) -> 10401 | H2: =CONCATENATE($A$1,H1) -> 10402 | I2: =CONCATENATE($A$1,I1) -> 10403 | J2: =CONCATENATE($A$1,J1) -> 10404 | K2: =CONCATENATE($A$1,K1) -> 10407 | L2: =CONCATENATE($A$1,L1) -> 10415 | M2: =CONCATENATE($A$1,M1) -> 10411 | N2: =CONCATENATE($A$1,N1) -> 10412
A3: 店合計 | B3: 累計 | C3: 日付 | E3: 上代合計 | F3: 客数 | G3: 天ぷら | H3: 魚 | I3: 唐揚 | J3: 串揚 | K3: 弁当 | L3: イカ焼 | M3: フライコロッケ | N3: 冷惣菜 | AA3: 客数 | AB3: 合計 | AC3: 客数 | AD3: 合計 | AE3: 客数 | AF3: 合計 | AG3: 製造数量 | AH3: 廃棄数量
A4: =SUM(G4:N4) -> 90485 | B4: =A4 -> 90485 | C4: 46082 | D4: 日 | E4: 104845 | F4: 111 | G4: 26674 | H4: 35642 | I4: 10185 | L4: 11208 | M4: 5676 | N4: 1100 | U4: =C4 -> 46082 | V4: =$G$2 -> 10401 | W4: =G4 -> 26674 | X4: =C4 -> 46082 | Y4: =F4 -> 111 | AA4: 33 | AB4: 36559 | AC4: 69 | AD4: 67152 | AE4: 90 | AF4: 81343 | AG4: 7 | AH4: 0
A5: =SUM(G5:N5) -> 77168 | B5: =B4+A5 -> 167653 | C5: 46083 | D5: 月 | E5: 91750 | F5: 106 | G5: 20770 | H5: 31037 | I5: 12943 | L5: 8328 | M5: 3090 | N5: 1000 | U5: =C5 -> 46083 | V5: =$G$2 -> 10401 | W5: =G5 -> 20770 | X5: =C5 -> 46083 | Y5: =F5 -> 106 | AA5: 46 | AB5: 39280 | AC5: 82 | AD5: 61442 | AE5: 95 | AF5: 69433 | AG5: 7 | AH5: 0
A6: =SUM(G6:N6) -> 77389 | B6: =B5+A6 -> 245042 | C6: 46084 | D6: 火 | E6: 111520 | F6: 101 | G6: 22255 | H6: 27724 | I6: 10320 | L6: 7560 | M6: 5650 | N6: 3880 | U6: =C6 -> 46084 | V6: =$G$2 -> 10401 | W6: =G6 -> 22255 | X6: =C6 -> 46084 | Y6: =F6 -> 101 | AA6: 24 | AB6: 20089 | AC6: 56 | AD6: 49630 | AE6: 75 | AF6: 61045 | AG6: 7 | AH6: 0
A7: =SUM(G7:N7) -> 74675 | B7: =B6+A7 -> 319717 | C7: 46085 | D7: 水 | E7: 69975 | F7: 105 | G7: 16940 | H7: 34331 | I7: 10508 | L7: 6432 | M7: 4794 | N7: 1670 | U7: =C7 -> 46085 | V7: =$G$2 -> 10401 | W7: =G7 -> 16940 | X7: =C7 -> 46085 | Y7: =F7 -> 105 | AA7: 30 | AB7: 24841 | AC7: 63 | AD7: 51719 | AE7: 86 | AF7: 64591 | AG7: 7 | AH7: 0
A8: =SUM(G8:N8) -> 79094 | B8: =B7+A8 -> 398811 | C8: 46086 | D8: 木 | E8: 122382 | F8: 106 | G8: 22565 | H8: 33428 | I8: 9463 | L8: 8664 | M8: 3874 | N8: 1100 | U8: =C8 -> 46086 | V8: =$G$2 -> 10401 | W8: =G8 -> 22565 | X8: =C8 -> 46086 | Y8: =F8 -> 106 | AA8: 31 | AB8: 24078 | AC8: 62 | AD8: 45077 | AE8: 80 | AF8: 61827 | AG8: 6 | AH8: 0
A9: =SUM(G9:N9) -> 87750 | B9: =B8+A9 -> 486561 | C9: 46087 | D9: 金 | E9: 88050 | F9: 105 | G9: 25190 | H9: 37356 | I9: 9290 | L9: 6816 | M9: 6198 | N9: 2900 | U9: =C9 -> 46087 | V9: =$G$2 -> 10401 | W9: =G9 -> 25190 | X9: =C9 -> 46087 | Y9: =F9 -> 105 | AA9: 40 | AB9: 34764 | AC9: 72 | AD9: 67865 | AE9: 94 | AF9: 78526 | AG9: 7 | AH9: 0
A10: =SUM(G10:N10) -> 79819 | B10: =B9+A10 -> 566380 | C10: 46088 | D10: 土 | E10: 86295 | F10: 115 | G10: 24386 | H10: 26635 | I10: 9098 | L10: 11352 | M10: 6148 | N10: 2200 | U10: =C10 -> 46088 | V10: =$G$2 -> 10401 | W10: =G10 -> 24386 | X10: =C10 -> 46088 | Y10: =F10 -> 115 | AA10: 32 | AB10: 23887 | AC10: 66 | AD10: 50094 | AE10: 89 | AF10: 64498 | AG10: 7 | AH10: 0
A11: =SUM(G11:N11) -> 92478 | B11: =B10+A11 -> 658858 | C11: 46089 | D11: 日 | E11: 102130 | F11: 121 | G11: 27485 | H11: 31634 | I11: 11463 | L11: 11280 | M11: 6316 | N11: 4300 | U11: =C11 -> 46089 | V11: =$G$2 -> 10401 | W11: =G11 -> 27485 | X11: =C11 -> 46089 | Y11: =F11 -> 121 | AA11: 40 | AB11: 36503 | AC11: 86 | AD11: 67737 | AE11: 102 | AF11: 81761 | AG11: 7 | AH11: 0
A12: =SUM(G12:N12) -> 72374 | B12: =B11+A12 -> 731232 | C12: 46090 | D12: 月 | E12: 98798 | F12: 92 | G12: 21915 | H12: 27344 | I12: 8440 | L12: 7200 | M12: 5925 | N12: 1550 | U12: =C12 -> 46090 | V12: =$G$2 -> 10401 | W12: =G12 -> 21915 | X12: =C12 -> 46090 | Y12: =F12 -> 92 | AA12: 31 | AB12: 26602 | AC12: 60 | AD12: 54035 | AE12: 75 | AF12: 64325 | AG12: 7 | AH12: 0
A13: =SUM(G13:N13) -> 76731 | B13: =B12+A13 -> 807963 | C13: 46091 | D13: 火 | E13: 73775 | F13: 97 | G13: 17770 | H13: 32603 | I13: 10861 | L13: 8592 | M13: 4805 | N13: 2100 | U13: =C13 -> 46091 | V13: =$G$2 -> 10401 | W13: =G13 -> 17770 | X13: =C13 -> 46091 | Y13: =F13 -> 97 | AA13: 27 | AB13: 25718 | AC13: 56 | AD13: 48467 | AE13: 85 | AF13: 72357 | AG13: 6 | AH13: 0
A14: =SUM(G14:N14) -> 96005 | B14: =B13+A14 -> 903968 | C14: 46092 | D14: 水 | E14: 127332 | F14: 112 | G14: 24295 | H14: 44530 | I14: 9820 | L14: 8640 | M14: 8220 | N14: 500 | U14: =C14 -> 46092 | V14: =$G$2 -> 10401 | W14: =G14 -> 24295 | X14: =C14 -> 46092 | Y14: =F14 -> 112 | AA14: 34 | AB14: 32020 | AC14: 74 | AD14: 66777 | AE14: 100 | AF14: 85129 | AG14: 7 | AH14: 0
A15: =SUM(G15:N15) -> 82954 | B15: =B14+A15 -> 986922 | C15: 46093 | D15: 木 | E15: 84295 | F15: 122 | G15: 22268 | H15: 34323 | I15: 9840 | L15: 8640 | M15: 6383 | N15: 1500 | U15: =C15 -> 46093 | V15: =$G$2 -> 10401 | W15: =G15 -> 22268 | X15: =C15 -> 46093 | Y15: =F15 -> 122 | AA15: 45 | AB15: 36635 | AC15: 80 | AD15: 58988 | AE15: 98 | AF15: 72150 | AG15: 6 | AH15: 0
A16: =SUM(G16:N16) -> 75980 | B16: =B15+A16 -> 1062902 | C16: 46094 | D16: 金 | E16: 98020 | F16: 105 | G16: 21673 | H16: 29095 | I16: 7550 | L16: 7992 | M16: 8170 | N16: 1500 | U16: =C16 -> 46094 | V16: =$G$2 -> 10401 | W16: =G16 -> 21673 | X16: =C16 -> 46094 | Y16: =F16 -> 105 | AA16: 35 | AB16: 29247 | AC16: 62 | AD16: 52529 | AE16: 90 | AF16: 67864 | AG16: 7 | AH16: 0
A17: =SUM(G17:N17) -> 85198 | B17: =B16+A17 -> 1148100 | C17: 46095 | D17: 土 | E17: 115950 | F17: 120 | G17: 27665 | H17: 28810 | I17: 9663 | L17: 10970 | M17: 8090 | U17: =C17 -> 46095 | V17: =$G$2 -> 10401 | W17: =G17 -> 27665 | X17: =C17 -> 46095 | Y17: =F17 -> 120 | AA17: 41 | AB17: 29110 | AC17: 93 | AD17: 72908 | AE17: 102 | AF17: 77125 | AG17: 7 | AH17: 0
A18: =SUM(G18:N18) -> 85536 | B18: =B17+A18 -> 1233636 | C18: 46096 | D18: 日 | E18: 100020 | F18: 115 | G18: 28069 | H18: 32820 | I18: 10350 | L18: 9007 | M18: 5290 | U18: =C18 -> 46096 | V18: =$G$2 -> 10401 | W18: =G18 -> 28069 | X18: =C18 -> 46096 | Y18: =F18 -> 115 | AA18: 34 | AB18: 29726 | AC18: 73 | AD18: 59683 | AE18: 100 | AF18: 75945 | AG18: 6 | AH18: 0
A19: =SUM(G19:N19) -> 71086 | B19: =B18+A19 -> 1304722 | C19: 46097 | D19: 月 | E19: 78775 | F19: 91 | G19: 20608 | H19: 28420 | I19: 8708 | L19: 7860 | M19: 3510 | N19: 1980 | U19: =C19 -> 46097 | V19: =$G$2 -> 10401 | W19: =G19 -> 20608 | X19: =C19 -> 46097 | Y19: =F19 -> 91 | AA19: 24 | AB19: 23535 | AC19: 60 | AD19: 53983 | AE19: 74 | AF19: 63289 | AG19: 7 | AH19: 1
A20: =SUM(G20:N20) -> 67806 | B20: =B19+A20 -> 1372528 | C20: 46098 | D20: 火 | E20: 111932 | F20: 95 | G20: 21378 | H20: 26600 | I20: 8130 | L20: 8088 | M20: 3610 | U20: =C20 -> 46098 | V20: =$G$2 -> 10401 | W20: =G20 -> 21378 | X20: =C20 -> 46098 | Y20: =F20 -> 95 | AA20: 28 | AB20: 24254 | AC20: 52 | AD20: 43600 | AE20: 74 | AF20: 59576 | AG20: 6 | AH20: 0
A21: =SUM(G21:N21) -> 92804 | B21: =B20+A21 -> 1465332 | C21: 46099 | D21: 水 | E21: 83028 | F21: 108 | G21: 23820 | H21: 43345 | I21: 9558 | L21: 9000 | M21: 5081 | N21: 2000 | U21: =C21 -> 46099 | V21: =$G$2 -> 10401 | W21: =G21 -> 23820 | X21: =C21 -> 46099 | Y21: =F21 -> 108 | AA21: 40 | AB21: 40657 | AC21: 72 | AD21: 65186 | AE21: 90 | AF21: 80366 | AG21: 6 | AH21: 0
A22: =SUM(G22:N22) -> 72771 | B22: =B21+A22 -> 1538103 | C22: 46100 | D22: 木 | E22: 105375 | F22: 97 | G22: 21657 | H22: 31078 | I22: 9920 | L22: 4116 | M22: 5200 | N22: 800 | U22: =C22 -> 46100 | V22: =$G$2 -> 10401 | W22: =G22 -> 21657 | X22: =C22 -> 46100 | Y22: =F22 -> 97 | AA22: 34 | AB22: 31308 | AC22: 61 | AD22: 53960 | AE22: 80 | AF22: 65837 | AG22: 7 | AH22: 0
A23: =SUM(G23:N23) -> 85379 | B23: =B22+A23 -> 1623482 | C23: 46101 | D23: 金 | E23: 107495 | F23: 118 | G23: 23490 | H23: 35825 | I23: 10295 | L23: 11184 | M23: 4585 | U23: =C23 -> 46101 | V23: =$G$2 -> 10401 | W23: =G23 -> 23490 | X23: =C23 -> 46101 | Y23: =F23 -> 118 | AA23: 27 | AB23: 23896 | AC23: 83 | AD23: 60867 | AE23: 98 | AF23: 75069 | AG23: 9 | AH23: 0
A24: =SUM(G24:N24) -> 90290 | B24: =B23+A24 -> 1713772 | C24: 46102 | D24: 土 | E24: 105120 | F24: 124 | G24: 25752 | H24: 33465 | I24: 11695 | L24: 10488 | M24: 5990 | N24: 2900 | U24: =C24 -> 46102 | V24: =$G$2 -> 10401 | W24: =G24 -> 25752 | X24: =C24 -> 46102 | Y24: =F24 -> 124 | AA24: 42 | AB24: 31523 | AC24: 80 | AD24: 59722 | AE24: 100 | AF24: 75972 | AG24: 9 | AH24: 1
A25: =SUM(G25:N25) -> 87210 | B25: =B24+A25 -> 1800982 | C25: 46103 | D25: 日 | E25: 109200 | F25: 114 | G25: 25175 | H25: 34830 | I25: 11948 | L25: 8568 | M25: 5189 | N25: 1500 | U25: =C25 -> 46103 | V25: =$G$2 -> 10401 | W25: =G25 -> 25175 | X25: =C25 -> 46103 | Y25: =F25 -> 114 | AA25: 43 | AB25: 37328 | AC25: 74 | AD25: 62840 | AE25: 94 | AF25: 78638 | AG25: 9 | AH25: 0
A26: =SUM(G26:N26) -> 76229 | B26: =B25+A26 -> 1877211 | C26: 46104 | D26: 月 | E26: 93975 | F26: 107 | G26: 21823 | H26: 29360 | I26: 9491 | L26: 8460 | M26: 5095 | N26: 2000 | U26: =C26 -> 46104 | V26: =$G$2 -> 10401 | W26: =G26 -> 21823 | X26: =C26 -> 46104 | Y26: =F26 -> 107 | AA26: 31 | AB26: 28370 | AC26: 66 | AD26: 51810 | AE26: 88 | AF26: 65564 | AG26: 12 | AH26: 5
A27: =SUM(G27:N27) -> 61720 | B27: =B26+A27 -> 1938931 | C27: 46105 | D27: 火 | E27: 111492 | F27: 91 | G27: 19860 | H27: 24490 | I27: 8080 | L27: 4560 | M27: 3730 | N27: 1000 | U27: =C27 -> 46105 | V27: =$G$2 -> 10401 | W27: =G27 -> 19860 | X27: =C27 -> 46105 | Y27: =F27 -> 91 | AA27: 28 | AB27: 25294 | AC27: 57 | AD27: 43888 | AE27: 78 | AF27: 58054 | AG27: 12 | AH27: 7
A28: =SUM(G28:N28) -> 90442 | B28: =B27+A28 -> 2029373 | C28: 46106 | D28: 水 | E28: 124190 | F28: 112 | G28: 22417 | H28: 38111 | I28: 11340 | L28: 9552 | M28: 4242 | N28: 4780 | U28: =C28 -> 46106 | V28: =$G$2 -> 10401 | W28: =G28 -> 22417 | X28: =C28 -> 46106 | Y28: =F28 -> 112 | AA28: 43 | AB28: 33056 | AC28: 75 | AD28: 63214 | AE28: 92 | AF28: 75092 | AG28: 12 | AH28: 0
A29: =SUM(G29:N29) -> 95985 | B29: =B28+A29 -> 2125358 | C29: 46107 | D29: 木 | E29: 85625 | F29: 103 | G29: 23835 | H29: 47740 | I29: 10050 | L29: 8568 | M29: 4792 | N29: 1000 | U29: =C29 -> 46107 | V29: =$G$2 -> 10401 | W29: =G29 -> 23835 | X29: =C29 -> 46107 | Y29: =F29 -> 103 | AA29: 37 | AB29: 36703 | AC29: 67 | AD29: 65750 | AE29: 90 | AF29: 80419 | AG29: 12 | AH29: 0
A30: =SUM(G30:N30) -> 90495 | B30: =B29+A30 -> 2215853 | C30: 46108 | D30: 金 | E30: 119650 | F30: 119 | G30: 25060 | H30: 41042 | I30: 10948 | L30: 8160 | M30: 4805 | N30: 480 | U30: =C30 -> 46108 | V30: =$G$2 -> 10401 | W30: =G30 -> 25060 | X30: =C30 -> 46108 | Y30: =F30 -> 119 | AA30: 38 | AB30: 33109 | AC30: 75 | AD30: 61927 | AE30: 101 | AF30: 81359 | AG30: 12 | AH30: 0
A31: =SUM(G31:N31) -> 80717 | B31: =B30+A31 -> 2296570 | C31: 46109 | D31: 土 | E31: 128115 | F31: 116 | G31: 21170 | H31: 30390 | I31: 10711 | L31: 11166 | M31: 5020 | N31: 2260 | U31: =C31 -> 46109 | V31: =$G$2 -> 10401 | W31: =G31 -> 21170 | X31: =C31 -> 46109 | Y31: =F31 -> 116 | AA31: 22 | AB31: 18878 | AC31: 53 | AD31: 42947 | AE31: 77 | AF31: 64082 | AG31: 12 | AH31: 7
A32: =SUM(G32:N32) -> 88845 | B32: =B31+A32 -> 2385415 | C32: 46110 | D32: 日 | E32: 103270 | F32: 122 | G32: 28583 | H32: 33116 | I32: 10432 | L32: 11448 | M32: 4266 | N32: 1000 | U32: =C32 -> 46110 | V32: =$G$2 -> 10401 | W32: =G32 -> 28583 | X32: =C32 -> 46110 | Y32: =F32 -> 122 | AA32: 43 | AB32: 34924 | AC32: 85 | AD32: 62632 | AE32: 103 | AF32: 77846 | AG32: 12 | AH32: 5
A33: =SUM(G33:N33) -> 89831 | B33: =B32+A33 -> 2475246 | C33: 46111 | D33: 月 | E33: 118837 | F33: 107 | G33: 24245 | H33: 39568 | I33: 9803 | L33: 7200 | M33: 4275 | N33: 4740 | U33: =C33 -> 46111 | V33: =$G$2 -> 10401 | W33: =G33 -> 24245 | X33: =C33 -> 46111 | Y33: =F33 -> 107 | AA33: 34 | AB33: 30594 | AC33: 70 | AD33: 60093 | AE33: 91 | AF33: 80679 | AG33: 12 | AH33: 0
A34: =SUM(G34:N34) -> 78156 | B34: =B33+A34 -> 2553402 | C34: 46112 | D34: 火 | E34: 118250 | G34: 20195 | H34: 34050 | I34: 9915 | L34: 8846 | M34: 5150 | U34: =C34 -> 46112 | V34: =$G$2 -> 10401 | W34: =G34 -> 20195 | X34: =C34 -> 46112 | Y34: =F34 -> 0 | AA34: 35 | AB34: 32452 | AC34: 64 | AD34: 57310 | AE34: 77 | AF34: 65174 | AG34: 12 | AH34: 0
D35: 客数合計 | E35: =SUM(E4:E34) -> 3179466 | F35: =SUM(F4:F34) -> 3257 | U35: =C4 -> 46082 | V35: =$H$2 -> 10402 | W35: =H4 -> 35642
U36: =C5 -> 46083 | V36: =$H$2 -> 10402 | W36: =H5 -> 31037
U37: =C6 -> 46084 | V37: =$H$2 -> 10402 | W37: =H6 -> 27724
U38: =C7 -> 46085 | V38: =$H$2 -> 10402 | W38: =H7 -> 34331
U39: =C8 -> 46086 | V39: =$H$2 -> 10402 | W39: =H8 -> 33428
U40: =C9 -> 46087 | V40: =$H$2 -> 10402 | W40: =H9 -> 37356
U41: =C10 -> 46088 | V41: =$H$2 -> 10402 | W41: =H10 -> 26635
U42: =C11 -> 46089 | V42: =$H$2 -> 10402 | W42: =H11 -> 31634
U43: =C12 -> 46090 | V43: =$H$2 -> 10402 | W43: =H12 -> 27344
U44: =C13 -> 46091 | V44: =$H$2 -> 10402 | W44: =H13 -> 32603
U45: =C14 -> 46092 | V45: =$H$2 -> 10402 | W45: =H14 -> 44530
U46: =C15 -> 46093 | V46: =$H$2 -> 10402 | W46: =H15 -> 34323
U47: =C16 -> 46094 | V47: =$H$2 -> 10402 | W47: =H16 -> 29095
... U65: =C34 -> 46112 | V65: =$H$2 -> 10402 | W65: =H34 -> 34050
U66: =C4 -> 46082 | V66: =$I$2 -> 10403 | W66: =I4 -> 10185
U67: =C5 -> 46083 | V67: =$I$2 -> 10403 | W67: =I5 -> 12943
U68: =C6 -> 46084 | V68: =$I$2 -> 10403 | W68: =I6 -> 10320
U69: =C8 -> 46086 | V69: =$I$2 -> 10403 | W69: =I7 -> 10508
U70: =C7 -> 46085 | V70: =$I$2 -> 10403 | W70: =I8 -> 9463
U71: =C9 -> 46087 | V71: =$I$2 -> 10403 | W71: =I9 -> 9290
U72: =C11 -> 46089 | V72: =$I$2 -> 10403 | W72: =I10 -> 9098
U73: =C10 -> 46088 | V73: =$I$2 -> 10403 | W73: =I11 -> 11463
U74: =C12 -> 46090 | V74: =$I$2 -> 10403 | W74: =I12 -> 8440
U75: =C14 -> 46092 | V75: =$I$2 -> 10403 | W75: =I13 -> 10861
U76: =C13 -> 46091 | V76: =$I$2 -> 10403 | W76: =I14 -> 9820
U77: =C15 -> 46093 | V77: =$I$2 -> 10403 | W77: =I15 -> 9840
U78: =C17 -> 46095 | V78: =$I$2 -> 10403 | W78: =I16 -> 7550
U79: =C16 -> 46094 | V79: =$I$2 -> 10403 | W79: =I17 -> 9663
U80: =C18 -> 46096 | V80: =$I$2 -> 10403 | W80: =I18 -> 10350
U81: =C20 -> 46098 | V81: =$I$2 -> 10403 | W81: =I19 -> 8708
U82: =C19 -> 46097 | V82: =$I$2 -> 10403 | W82: =I20 -> 8130
U83: =C21 -> 46099 | V83: =$I$2 -> 10403 | W83: =I21 -> 9558
U84: =C23 -> 46101 | V84: =$I$2 -> 10403 | W84: =I22 -> 9920
U85: =C22 -> 46100 | V85: =$I$2 -> 10403 | W85: =I23 -> 10295
U86: =C24 -> 46102 | V86: =$I$2 -> 10403 | W86: =I24 -> 11695
U87: =C26 -> 46104 | V87: =$I$2 -> 10403 | W87: =I25 -> 11948
U88: =C25 -> 46103 | V88: =$I$2 -> 10403 | W88: =I26 -> 9491
U89: =C27 -> 46105 | V89: =$I$2 -> 10403 | W89: =I27 -> 8080
U90: =C29 -> 46107 | V90: =$I$2 -> 10403 | W90: =I28 -> 11340
U91: =C28 -> 46106 | V91: =$I$2 -> 10403 | W91: =I29 -> 10050
U92: =C30 -> 46108 | V92: =$I$2 -> 10403 | W92: =I30 -> 10948
U93: =C31 -> 46109 | V93: =$I$2 -> 10403 | W93: =I31 -> 10711
U94: =C32 -> 46110 | V94: =$I$2 -> 10403 | W94: =I32 -> 10432
U95: =C33 -> 46111 | V95: =$I$2 -> 10403 | W95: =I33 -> 9803
U96: =C34 -> 46112 | V96: =$I$2 -> 10403 | W96: =I34 -> 9915
U97: =C4 -> 46082 | V97: =$J$2 -> 10404 | W97: =J4 -> 0
U98: =C5 -> 46083 | V98: =$J$2 -> 10404 | W98: =J5 -> 0
U99: =C6 -> 46084 | V99: =$J$2 -> 10404 | W99: =J6 -> 0
U100: =C7 -> 46085 | V100: =$J$2 -> 10404 | W100: =J8 -> 0
U101: =C8 -> 46086 | V101: =$J$2 -> 10404 | W101: =J7 -> 0
U102: =C9 -> 46087 | V102: =$J$2 -> 10404 | W102: =J9 -> 0
U103: =C10 -> 46088 | V103: =$J$2 -> 10404 | W103: =J10 -> 0
U104: =C11 -> 46089 | V104: =$J$2 -> 10404 | W104: =J11 -> 0
U105: =C12 -> 46090 | V105: =$J$2 -> 10404 | W105: =J12 -> 0
U106: =C13 -> 46091 | V106: =$J$2 -> 10404 | W106: =J13 -> 0
U107: =C14 -> 46092 | V107: =$J$2 -> 10404 | W107: =J14 -> 0
U108: =C15 -> 46093 | V108: =$J$2 -> 10404 | W108: =J15 -> 0
U109: =C16 -> 46094 | V109: =$J$2 -> 10404 | W109: =J16 -> 0
U110: =C17 -> 46095 | V110: =$J$2 -> 10404 | W110: =J17 -> 0
U111: =C18 -> 46096 | V111: =$J$2 -> 10404 | W111: =J18 -> 0
U112: =C19 -> 46097 | V112: =$J$2 -> 10404 | W112: =J19 -> 0
U113: =C20 -> 46098 | V113: =$J$2 -> 10404 | W113: =J20 -> 0
... U127: =C34 -> 46112 | V127: =$J$2 -> 10404 | W127: =J34 -> 0
U128: =C4 -> 46082 | V128: =$K$2 -> 10407 | W128: =K4 -> 0
U129: =C5 -> 46083 | V129: =$K$2 -> 10407 | W129: =K5 -> 0
U130: =C6 -> 46084 | V130: =$K$2 -> 10407 | W130: =K6 -> 0
...

Sheet 京都
A1: 109 | C1: 京都 | G1: 01 | H1: 02 | I1: 03 | J1: 07 | K1: 12 | L1: 13 | AA1: 12：00 | AC1: 15：00 | AE1: 17：00 | AG1: からすかれい煮付
A2: 2026年 | G2: =CONCATENATE($A$1,G1) -> 10901 | H2: =CONCATENATE($A$1,H1) -> 10902 | I2: =CONCATENATE($A$1,I1) -> 10903 | J2: =CONCATENATE($A$1,J1) -> 10907 | K2: =CONCATENATE($A$1,K1) -> 10912 | L2: =CONCATENATE($A$1,L1) -> 10913
A3: 店合計 | B3: 累計 | C3: 日付 | E3: 上代合計 | F3: 客数 | G3: 天ぷら | H3: 魚 | I3: 唐揚 | J3: 弁当 | K3: 冷惣菜 | L3: 催事 | AA3: 客数 | AB3: 合計 | AC3: 客数 | AD3: 合計 | AE3: 客数 | AF3: 合計 | AG3: 製造数量 | AH3: 廃棄数量
A4: =SUM(G4:L4) -> 193485 | B4: =A4 -> 193485 | C4: 46082 | D4: 日 | E4: 「k、mjn | F4: 182 | G4: 93105 | H4: 100380 | U4: =C4 -> 46082 | V4: =$G$2 -> 10901 | W4: =G4 -> 93105 | X4: =C4 -> 46082 | Y4: =F4 -> 182 | AA4: 29 | AB4: 38800 | AC4: 90 | AD4: 100785 | AE4: 140 | AF4: 155345 | AG4: 24 | AH4: 0
A5: =SUM(G5:L5) -> 189640 | B5: =B4+A5 -> 383125 | C5: 46083 | D5: 月 | F5: 212 | G5: 90540 | H5: 99100 | U5: =C5 -> 46083 | V5: =$G$2 -> 10901 | W5: =G5 -> 90540 | X5: =C5 -> 46083 | Y5: =F5 -> 212 | AA5: 32 | AB5: 34850 | AC5: 96 | AD5: 102840 | AE5: 143 | AF5: 145720 | AG5: 34 | AH5: 0
A6: =SUM(G6:L6) -> 173050 | B6: =B5+A6 -> 556175 | C6: 46084 | D6: 火 | F6: 190 | G6: 82020 | H6: 91030 | U6: =C6 -> 46084 | V6: =$G$2 -> 10901 | W6: =G6 -> 82020 | X6: =C6 -> 46084 | Y6: =F6 -> 190 | AA6: 32 | AB6: 29750 | AC6: 88 | AD6: 92900 | AE6: 124 | AF6: 125790 | AG6: 24 | AH6: 0
A7: =SUM(G7:L7) -> 179005 | B7: =B6+A7 -> 735180 | C7: 46085 | D7: 水 | F7: 203 | G7: 84255 | H7: 94750 | U7: =C7 -> 46085 | V7: =$G$2 -> 10901 | W7: =G7 -> 84255 | X7: =C7 -> 46085 | Y7: =F7 -> 203 | AA7: 32 | AB7: 29800 | AC7: 91 | AD7: 86270 | AE7: 149 | AF7: 136260 | AG7: 24 | AH7: 0
A8: =SUM(G8:L8) -> 208080 | B8: =B7+A8 -> 943260 | C8: 46086 | D8: 木 | F8: 216 | G8: 94580 | H8: 113500 | U8: =C8 -> 46086 | V8: =$G$2 -> 10901 | W8: =G8 -> 94580 | X8: =C8 -> 46086 | Y8: =F8 -> 216 | AA8: 39 | AB8: 43320 | AC8: 118 | AD8: 123870 | AE8: 160 | AF8: 161680 | AG8: 24 | AH8: 0
A9: =SUM(G9:L9) -> 170490 | B9: =B8+A9 -> 1113750 | C9: 46087 | D9: 金 | F9: 195 | G9: 85690 | H9: 84800 | U9: =C9 -> 46087 | V9: =$G$2 -> 10901 | W9: =G9 -> 85690 | X9: =C9 -> 46087 | Y9: =F9 -> 195 | AA9: 37 | AB9: 28140 | AC9: 79 | AD9: 68890 | AE9: 130 | AF9: 116690 | AG9: 24 | AH9: 0
A10: =SUM(G10:L10) -> 185290 | B10: =B9+A10 -> 1299040 | C10: 46088 | D10: 土 | F10: 208 | G10: 101210 | H10: 84080 | U10: =C10 -> 46088 | V10: =$G$2 -> 10901 | W10: =G10 -> 101210 | X10: =C10 -> 46088 | Y10: =F10 -> 208 | AA10: 29 | AB10: 32010 | AC10: 95 | AD10: 89580 | AE10: 151 | AF10: 143620 | AG10: 24 | AH10: 0
A11: =SUM(G11:L11) -> 175500 | B11: =B10+A11 -> 1474540 | C11: 46089 | D11: 日 | F11: 193 | G11: 81310 | H11: 94190 | U11: =C11 -> 46089 | V11: =$G$2 -> 10901 | W11: =G11 -> 81310 | X11: =C11 -> 46089 | Y11: =F11 -> 193 | AA11: 31 | AB11: 37220 | AC11: 100 | AD11: 102700 | AE11: 141 | AF11: 132100 | AG11: 24 | AH11: 0
A12: =SUM(G12:L12) -> 188864 | B12: =B11+A12 -> 1663404 | C12: 46090 | D12: 月 | F12: 209 | G12: 91394 | H12: 97470 | U12: =C12 -> 46090 | V12: =$G$2 -> 10901 | W12: =G12 -> 91394 | X12: =C12 -> 46090 | Y12: =F12 -> 209 | AA12: 28 | AB12: 27520 | AC12: 90 | AD12: 80490 | AE12: 151 | AF12: 135964 | AG12: 24 | AH12: 0
A13: =SUM(G13:L13) -> 191670 | B13: =B12+A13 -> 1855074 | C13: 46091 | D13: 火 | F13: 203 | G13: 83020 | H13: 108650 | U13: =C13 -> 46091 | V13: =$G$2 -> 10901 | W13: =G13 -> 83020 | X13: =C13 -> 46091 | Y13: =F13 -> 203 | AA13: 27 | AB13: 27120 | AC13: 98 | AD13: 209220 | AE13: 140 | AF13: 142490 | AG13: 30 | AH13: 0
A14: =SUM(G14:L14) -> 210535 | B14: =B13+A14 -> 2065609 | C14: 46092 | D14: 水 | F14: 231 | G14: 101745 | H14: 108790 | U14: =C14 -> 46092 | V14: =$G$2 -> 10901 | W14: =G14 -> 101745 | X14: =C14 -> 46092 | Y14: =F14 -> 231 | AA14: 43 | AB14: 34590 | AC14: 130 | AD14: 115685 | AE14: 178 | AF14: 162665 | AG14: 30 | AH14: 0
A15: =SUM(G15:L15) -> 198575 | B15: =B14+A15 -> 2264184 | C15: 46093 | D15: 木 | F15: 209 | G15: 90455 | H15: 108120 | U15: =C15 -> 46093 | V15: =$G$2 -> 10901 | W15: =G15 -> 90455 | X15: =C15 -> 46093 | Y15: =F15 -> 209 | AA15: 32 | AB15: 32380 | AC15: 100 | AD15: 105765 | AE15: 143 | AF15: 140385 | AG15: 24 | AH15: 0
A16: =SUM(G16:L16) -> 186200 | B16: =B15+A16 -> 2450384 | C16: 46094 | D16: 金 | F16: 206 | G16: 89480 | H16: 96720 | U16: =C16 -> 46094 | V16: =$G$2 -> 10901 | W16: =G16 -> 89480 | X16: =C16 -> 46094 | Y16: =F16 -> 206 | AA16: 36 | AB16: 35550 | AC16: 107 | AD16: 104360 | AE16: 150 | AF16: 144470 | AG16: 24 | AH16: 0
... A34: =SUM(G34:L34) -> 153360 | B34: =B33+A34 -> 5920879 | C34: 46112 | D34: 火 | F34: 190 | G34: 72620 | H34: 80740 | U34: =C34 -> 46112 | V34: =$G$2 -> 10901 | W34: =G34 -> 72620 | X34: =C34 -> 46112 | Y34: =F34 -> 190 | AA34: 28 | AB34: 32520 | AC34: 71 | AD34: 71330 | AE34: 115 | AF34: 97400 | AG34: 24 | AH34: 0
D35: 客数合計 | E35: =SUM(E4:E34) -> 0 | F35: =SUM(F4:F34) -> 6315 | U35: =C4 -> 46082 | V35: =$H$2 -> 10902 | W35: =H4 -> 100380
U36: =C5 -> 46083 | V36: =$H$2 -> 10902 | W36: =H5 -> 99100
U37: =C6 -> 46084 | V37: =$H$2 -> 10902 | W37: =H6 -> 91030
U38: =C7 -> 46085 | V38: =$H$2 -> 10902 | W38: =H7 -> 94750
U39: =C8 -> 46086 | V39: =$H$2 -> 10902 | W39: =H8 -> 113500
U40: =C9 -> 46087 | V40: =$H$2 -> 10902 | W40: =H9 -> 84800
U41: =C10 -> 46088 | V41: =$H$2 -> 10902 | W41: =H10 -> 84080
U42: =C11 -> 46089 | V42: =$H$2 -> 10902 | W42: =H11 -> 94190
U43: =C12 -> 46090 | V43: =$H$2 -> 10902 | W43: =H12 -> 97470
U44: =C13 -> 46091 | V44: =$H$2 -> 10902 | W44: =H13 -> 108650
U45: =C14 -> 46092 | V45: =$H$2 -> 10902 | W45: =H14 -> 108790
U46: =C15 -> 46093 | V46: =$H$2 -> 10902 | W46: =H15 -> 108120
U47: =C16 -> 46094 | V47: =$H$2 -> 10902 | W47: =H16 -> 96720
... U50: =C19 -> 46097 | V50: =$H$2 -> 10902 | W50: =H19 -> 110430
U51: =C21 -> 46099 | V51: =$H$2 -> 10902 | W51: =H20 -> 100760
U52: =C20 -> 46098 | V52: =$H$2 -> 10902 | W52: =H21 -> 95480
U53: =C22 -> 46100 | V53: =$H$2 -> 10902 | W53: =H22 -> 107120
U54: =C23 -> 46101 | V54: =$H$2 -> 10902 | W54: =H23 -> 117440
U55: =C24 -> 46102 | V55: =$H$2 -> 10902 | W55: =H24 -> 100700
U56: =C25 -> 46103 | V56: =$H$2 -> 10902 | W56: =H25 -> 93910
U57: =C26 -> 46104 | V57: =$H$2 -> 10902 | W57: =H26 -> 113080
U58: =C27 -> 46105 | V58: =$H$2 -> 10902 | W58: =H27 -> 103260
U59: =C28 -> 46106 | V59: =$H$2 -> 10902 | W59: =H28 -> 83710
U60: =C29 -> 46107 | V60: =$H$2 -> 10902 | W60: =H29 -> 86145
U61: =C30 -> 46108 | V61: =$H$2 -> 10902 | W61: =H30 -> 94540
U62: =C31 -> 46109 | V62: =$H$2 -> 10902 | W62: =H31 -> 99940
U63: =C32 -> 46110 | V63: =$H$2 -> 10902 | W63: =H32 -> 90090
U64: =C33 -> 46111 | V64: =$H$2 -> 10902 | W64: =H33 -> 95450
U65: =C34 -> 46112 | V65: =$H$2 -> 10902 | W65: =H34 -> 80740
U66: =C4 -> 46082 | V66: =$I$2 -> 10903 | W66: =I4 -> 0
U67: =C5 -> 46083 | V67: =$I$2 -> 10903 | W67: =I5 -> 0
U68: =C6 -> 46084 | V68: =$I$2 -> 10903 | W68: =I6 -> 0 | AC68: 203
U69: =C7 -> 46085 | V69: =$I$2 -> 10903 | W69: =I7 -> 0
U70: =C8 -> 46086 | V70: =$I$2 -> 10903 | W70: =I8 -> 0
U71: =C9 -> 46087 | V71: =$I$2 -> 10903 | W71: =I9 -> 0
U72: =C10 -> 46088 | V72: =$I$2 -> 10903 | W72: =I10 -> 0
U73: =C11 -> 46089 | V73: =$I$2 -> 10903 | W73: =I11 -> 0
U74: =C12 -> 46090 | V74: =$I$2 -> 10903 | W74: =I12 -> 0
U75: =C13 -> 46091 | V75: =$I$2 -> 10903 | W75: =I13 -> 0
U76: =C14 -> 46092 | V76: =$I$2 -> 10903 | W76: =I14 -> 0
U77: =C15 -> 46093 | V77: =$I$2 -> 10903 | W77: =I15 -> 0
U78: =C16 -> 46094 | V78: =$I$2 -> 10903 | W78: =I16 -> 0
U79: =C17 -> 46095 | V79: =$I$2 -> 10903 | W79: =I17 -> 0
G80: :..る | U80: =C18 -> 46096 | V80: =$I$2 -> 10903 | W80: =I18 -> 0
U81: =C19 -> 46097 | V81: =$I$2 -> 10903 | W81: =I19 -> 0
U82: =C21 -> 46099 | V82: =$I$2 -> 10903 | W82: =I20 -> 0
U83: =C20 -> 46098 | V83: =$I$2 -> 10903 | W83: =I21 -> 0
U84: =C22 -> 46100 | V84: =$I$2 -> 10903 | W84: =I22 -> 0
U85: =C23 -> 46101 | V85: =$I$2 -> 10903 | W85: =I23 -> 0
U86: =C24 -> 46102 | V86: =$I$2 -> 10903 | W86: =I24 -> 0
U87: =C25 -> 46103 | V87: =$I$2 -> 10903 | W87: =I25 -> 0
U88: =C26 -> 46104 | V88: =$I$2 -> 10903 | W88: =I26 -> 0
U89: =C27 -> 46105 | V89: =$I$2 -> 10903 | W89: =I27 -> 0
U90: =C28 -> 46106 | V90: =$I$2 -> 10903 | W90: =I28 -> 0
U91: =C29 -> 46107 | V91: =$I$2 -> 10903 | W91: =I29 -> 0
U92: =C30 -> 46108 | V92: =$I$2 -> 10903 | W92: =I30 -> 0
U93: =C31 -> 46109 | V93: =$I$2 -> 10903 | W93: =I31 -> 0
U94: =C32 -> 46110 | V94: =$I$2 -> 10903 | W94: =I32 -> 0
U95: =C33 -> 46111 | V95: =$I$2 -> 10903 | W95: =I33 -> 0
U96: =C34 -> 46112 | V96: =$I$2 -> 10903 | W96: =I34 -> 0
U97: =C4 -> 46082 | V97: =$J$2 -> 10907 | W97: =J4 -> 0
U98: =C5 -> 46083 | V98: =$J$2 -> 10907 | W98: =J5 -> 0
U99: =C6 -> 46084 | V99: =$J$2 -> 10907 | W99: =J6 -> 0
U100: =C7 -> 46085 | V100: =$J$2 -> 10907 | W100: =J7 -> 0
U101: =C8 -> 46086 | V101: =$J$2 -> 10907 | W101: =J8 -> 0
U102: =C9 -> 46087 | V102: =$J$2 -> 10907 | W102: =J9 -> 0
U103: =C10 -> 46088 | V103: =$J$2 -> 10907 | W103: =J10 -> 0
U104: =C11 -> 46089 | V104: =$J$2 -> 10907 | W104: =J11 -> 0
U105: =C12 -> 46090 | V105: =$J$2 -> 10907 | W105: =J12 -> 0
U106: =C13 -> 46091 | V106: =$J$2 -> 10907 | W106: =J13 -> 0
U107: =C14 -> 46092 | V107: =$J$2 -> 10907 | W107: =J14 -> 0
U108: =C15 -> 46093 | V108: =$J$2 -> 10907 | W108: =J15 -> 0
... U112: =C19 -> 46097 | V112: =$J$2 -> 10907 | W112: =J19 -> 0
U113: =C21 -> 46099 | V113: =$J$2 -> 10907 | W113: =J20 -> 0
U114: =C20 -> 46098 | V114: =$J$2 -> 10907 | W114: =J21 -> 0
U115: =C22 -> 46100 | V115: =$J$2 -> 10907 | W115: =J22 -> 0
U116: =C23 -> 46101 | V116: =$J$2 -> 10907 | W116: =J23 -> 0
U117: =C24 -> 46102 | V117: =$J$2 -> 10907 | W117: =J24 -> 0
U118: =C25 -> 46103 | V118: =$J$2 -> 10907 | W118: =J25 -> 0
U119: =C26 -> 46104 | V119: =$J$2 -> 10907 | W119: =J26 -> 0
U120: =C27 -> 46105 | V120: =$J$2 -> 10907 | W120: =J27 -> 0
U121: =C28 -> 46106 | V121: =$J$2 -> 10907 | W121: =J28 -> 0
U122: =C29 -> 46107 | V122: =$J$2 -> 10907 | W122: =J29 -> 0
...

Sheet 洛西
A1: 110 | C1: 洛西 | G1: 01 | H1: 02 | I1: 12 | AA1: 12：00 | AC1: 15：00 | AE1: 17：00 | AG1: からすかれい煮付
A2: 2026年 | G2: =CONCATENATE($A$1,G1) -> 11001 | H2: =CONCATENATE($A$1,H1) -> 11002 | I2: =CONCATENATE($A$1,I1) -> 11012
A3: 店合計 | B3: 累計 | C3: 日付 | E3: 上代合計 | F3: 客数 | G3: 天ぷら | H3: 魚 | I3: 冷惣菜 | AA3: 客数 | AB3: 合計 | AC3: 客数 | AD3: 合計 | AE3: 客数 | AF3: 合計 | AG3: 製造数量 | AH3: 廃棄数量
A4: =SUM(G4:I4) -> 46739 | B4: =A4 -> 46739 | C4: 46082 | D4: 日 | E4: 59095 | F4: 56 | G4: 23519 | H4: 23220 | U4: =C4 -> 46082 | V4: =$G$2 -> 11001 | W4: =G4 -> 23519 | X4: =C4 -> 46082 | Y4: =F4 -> 56 | AA4: 34 | AB4: 29355 | AC4: 45 | AD4: 38165 | AE4: 52 | AF4: 44335 | AG4: 6 | AH4: 0
A5: =SUM(G5:I5) -> 38332 | B5: =B4+A5 -> 85071 | C5: 46083 | D5: 月 | E5: 41400 | F5: 59 | G5: 19502 | H5: 18830 | U5: =C5 -> 46083 | V5: =$G$2 -> 11001 | W5: =G5 -> 19502 | X5: =C5 -> 46083 | Y5: =F5 -> 59 | AA5: 21 | AB5: 15750 | AC5: 36 | AD5: 25410 | AE5: 48 | AF5: 33375 | AG5: 7 | AH5: 0
A6: =SUM(G6:I6) -> 30537 | B6: =B5+A6 -> 115608 | C6: 46084 | D6: 火 | E6: 27275 | F6: 48 | G6: 18484 | H6: 12053 | U6: =C6 -> 46084 | V6: =$G$2 -> 11001 | W6: =G6 -> 18484 | X6: =C6 -> 46084 | Y6: =F6 -> 48 | AA6: 13 | AB6: 10070 | AC6: 24 | AD6: 16580 | AE6: 39 | AF6: 25834 | AG6: 6 | AH6: 0
A7: =SUM(G7:I7) -> 38649 | B7: =B6+A7 -> 154257 | C7: 46085 | D7: 水 | E7: 47050 | F7: 61 | G7: 18969 | H7: 19680 | U7: =C7 -> 46085 | V7: =$G$2 -> 11001 | W7: =G7 -> 18969 | X7: =C7 -> 46085 | Y7: =F7 -> 61 | AA7: 20 | AB7: 15260 | AC7: 38 | AD7: 27650 | AE7: 53 | AF7: 35315 | AG7: 6 | AH7: 0
A8: =SUM(G8:I8) -> 36013 | B8: =B7+A8 -> 190270 | C8: 46086 | D8: 木 | E8: 48895 | F8: 50 | G8: 18833 | H8: 17180 | U8: =C8 -> 46086 | V8: =$G$2 -> 11001 | W8: =G8 -> 18833 | X8: =C8 -> 46086 | Y8: =F8 -> 50 | AA8: 24 | AB8: 20125 | AC8: 34 | AD8: 29295 | AE8: 42 | AF8: 33896 | AG8: 6 | AH8: 0
A9: =SUM(G9:I9) -> 38577 | B9: =B8+A9 -> 228847 | C9: 46087 | D9: 金 | E9: 66100 | F9: 58 | G9: 21279 | H9: 17298 | U9: =C9 -> 46087 | V9: =$G$2 -> 11001 | W9: =G9 -> 21279 | X9: =C9 -> 46087 | Y9: =F9 -> 58 | AA9: 30 | AB9: 22260 | AC9: 38 | AD9: 27785 | AE9: 46 | AF9: 33209 | AG9: 6 | AH9: 0
A10: =SUM(G10:I10) -> 40101 | B10: =B9+A10 -> 268948 | C10: 46088 | D10: 土 | E10: 44925 | F10: 56 | G10: 20071 | H10: 20030 | U10: =C10 -> 46088 | V10: =$G$2 -> 11001 | W10: =G10 -> 20071 | X10: =C10 -> 46088 | Y10: =F10 -> 56 | AA10: 24 | AB10: 19870 | AC10: 41 | AD10: 32380 | AE10: 46 | AF10: 37185 | AG10: 6 | AH10: 0
A11: =SUM(G11:I11) -> 42514 | B11: =B10+A11 -> 311462 | C11: 46089 | D11: 日 | E11: 57070 | F11: 59 | G11: 22707 | H11: 19807 | U11: =C11 -> 46089 | V11: =$G$2 -> 11001 | W11: =G11 -> 22707 | X11: =C11 -> 46089 | Y11: =F11 -> 59 | AA11: 23 | AB11: 16435 | AC11: 46 | AD11: 33315 | AE11: 53 | AF11: 39275 | AG11: 6 | AH11: 0
A12: =SUM(G12:I12) -> 37717 | B12: =B11+A12 -> 349179 | C12: 46090 | D12: 月 | E12: 27055 | F12: 50 | G12: 18217 | H12: 19500 | U12: =C12 -> 46090 | V12: =$G$2 -> 11001 | W12: =G12 -> 18217 | X12: =C12 -> 46090 | Y12: =F12 -> 50 | AA12: 22 | AB12: 18020 | AC12: 35 | AD12: 26500 | AE12: 46 | AF12: 35281 | AG12: 6 | AH12: 0
A13: =SUM(G13:I13) -> 33758 | B13: =B12+A13 -> 382937 | C13: 46091 | D13: 火 | E13: 43290 | F13: 46 | G13: 18648 | H13: 15110 | U13: =C13 -> 46091 | V13: =$G$2 -> 11001 | W13: =G13 -> 18648 | X13: =C13 -> 46091 | Y13: =F13 -> 46 | AA13: 22 | AB13: 18990 | AC13: 31 | AD13: 25790 | AE13: 38 | AF13: 29766 | AG13: 6 | AH13: 0
A14: =SUM(G14:I14) -> 38750 | B14: =B13+A14 -> 421687 | C14: 46092 | D14: 水 | E14: 38900 | F14: 59 | G14: 19600 | H14: 19150 | U14: =C14 -> 46092 | V14: =$G$2 -> 11001 | W14: =G14 -> 19600 | X14: =C14 -> 46092 | Y14: =F14 -> 59 | AA14: 25 | AB14: 18690 | AC14: 37 | AD14: 25580 | AE14: 47 | AF14: 30810 | AG14: 7 | AH14: 0
A15: =SUM(G15:I15) -> 36011 | B15: =B14+A15 -> 457698 | C15: 46093 | D15: 木 | E15: 49105 | F15: 55 | G15: 17525 | H15: 18486 | U15: =C15 -> 46093 | V15: =$G$2 -> 11001 | W15: =G15 -> 17525 | X15: =C15 -> 46093 | Y15: =F15 -> 55 | AA15: 12 | AB15: 8520 | AC15: 34 | AD15: 23590 | AE15: 45 | AF15: 32362 | AG15: 6 | AH15: 0
A16: =SUM(G16:I16) -> 40215 | B16: =B15+A16 -> 497913 | C16: 46094 | D16: 金 | E16: 40095 | F16: 57 | G16: 22889 | H16: 17326 | U16: =C16 -> 46094 | V16: =$G$2 -> 11001 | W16: =G16 -> 22889 | X16: =C16 -> 46094 | Y16: =F16 -> 57 | AA16: 17 | AB16: 13845 | AC16: 33 | AD16: 26675 | AE16: 44 | AF16: 34819 | AG16: 6 | AH16: 0
... A34: =SUM(G34:I34) -> 33602 | B34: =B33+A34 -> 1208400 | C34: 46112 | D34: 火 | E34: 61870 | F34: 60 | G34: 17114 | H34: 16488 | U34: =C34 -> 46112 | V34: =$G$2 -> 11001 | W34: =G34 -> 17114 | X34: =C34 -> 46112 | Y34: =F34 -> 60 | AA34: 14 | AB34: 8955 | AC34: 26 | AD34: 17793 | AE34: 48 | AF34: 30358 | AG34: 6 | AH34: 0
D35: 客数合計 | E35: =SUM(E4:E34) -> 1477975 | F35: =SUM(F4:F34) -> 1777 | U35: =C4 -> 46082 | V35: =$H$2 -> 11002 | W35: =H4 -> 23220
U36: =C5 -> 46083 | V36: =$H$2 -> 11002 | W36: =H5 -> 18830
U37: =C6 -> 46084 | V37: =$H$2 -> 11002 | W37: =H6 -> 12053
U38: =C7 -> 46085 | V38: =$H$2 -> 11002 | W38: =H7 -> 19680
U39: =C8 -> 46086 | V39: =$H$2 -> 11002 | W39: =H8 -> 17180
U40: =C9 -> 46087 | V40: =$H$2 -> 11002 | W40: =H9 -> 17298
U41: =C10 -> 46088 | V41: =$H$2 -> 11002 | W41: =H10 -> 20030
U42: =C11 -> 46089 | V42: =$H$2 -> 11002 | W42: =H11 -> 19807
U43: =C12 -> 46090 | V43: =$H$2 -> 11002 | W43: =H12 -> 19500
U44: =C13 -> 46091 | V44: =$H$2 -> 11002 | W44: =H13 -> 15110
U45: =C14 -> 46092 | V45: =$H$2 -> 11002 | W45: =H14 -> 19150
U46: =C15 -> 46093 | V46: =$H$2 -> 11002 | W46: =H15 -> 18486
U47: =C16 -> 46094 | V47: =$H$2 -> 11002 | W47: =H16 -> 17326
... U59: =C28 -> 46106 | V59: =$H$2 -> 11002 | W59: =H28 -> 17615
U60: =C30 -> 46108 | V60: =$H$2 -> 11002 | W60: =H29 -> 21121
U61: =C31 -> 46109 | V61: =$H$2 -> 11002 | W61: =H30 -> 18074
U62: =C29 -> 46107 | V62: =$H$2 -> 11002 | W62: =H31 -> 17816
U63: =C32 -> 46110 | V63: =$H$2 -> 11002 | W63: =H32 -> 22955
U64: =C33 -> 46111 | V64: =$H$2 -> 11002 | W64: =H33 -> 20647
U65: =C34 -> 46112 | V65: =$H$2 -> 11002 | W65: =H34 -> 16488
U66: =C4 -> 46082 | V66: =$I$2 -> 11012 | W66: =I4 -> 0
U67: =C5 -> 46083 | V67: =$I$2 -> 11012 | W67: =I5 -> 0
U68: =C6 -> 46084 | V68: =$I$2 -> 11012 | W68: =I6 -> 0
U69: =C7 -> 46085 | V69: =$I$2 -> 11012 | W69: =I7 -> 0
U70: =C8 -> 46086 | V70: =$I$2 -> 11012 | W70: =I8 -> 0
U71: =C9 -> 46087 | V71: =$I$2 -> 11012 | W71: =I9 -> 0
U72: =C10 -> 46088 | V72: =$I$2 -> 11012 | W72: =I10 -> 0
U73: =C11 -> 46089 | V73: =$I$2 -> 11012 | W73: =I11 -> 0
U74: =C12 -> 46090 | V74: =$I$2 -> 11012 | W74: =I12 -> 0
U75: =C13 -> 46091 | V75: =$I$2 -> 11012 | W75: =I13 -> 0
U76: =C14 -> 46092 | V76: =$I$2 -> 11012 | W76: =I14 -> 0
U77: =C15 -> 46093 | V77: =$I$2 -> 11012 | W77: =I15 -> 0
... U90: =C28 -> 46106 | V90: =$I$2 -> 11012 | W90: =I28 -> 0
U91: =C30 -> 46108 | V91: =$I$2 -> 11012 | W91: =I29 -> 0
U92: =C31 -> 46109 | V92: =$I$2 -> 11012 | W92: =I30 -> 0
U93: =C29 -> 46107 | V93: =$I$2 -> 11012 | W93: =I31 -> 0
U94: =C32 -> 46110 | V94: =$I$2 -> 11012 | W94: =I32 -> 0
U95: =C33 -> 46111 | V95: =$I$2 -> 11012 | W95: =I33 -> 0
U96: =C34 -> 46112 | V96: =$I$2 -> 11012 | W96: =I34 -> 0

Sheet 和歌山
A1: 114 | C1: 和歌山 | G1: 01 | H1: 02 | I1: 03 | J1: 04 | K1: 07 | AA1: 12：00 | AC1: 15：00 | AE1: 17：00 | AG1: からすかれい煮付
A2: 2026年 | G2: =CONCATENATE($A$1,G1) -> 11401 | H2: =CONCATENATE($A$1,H1) -> 11402 | I2: =CONCATENATE($A$1,I1) -> 11403 | J2: =CONCATENATE($A$1,J1) -> 11404 | K2: =CONCATENATE($A$1,K1) -> 11407
A3: 店合計 | B3: 累計 | C3: 日付 | E3: 上代合計 | F3: 客数 | G3: 天ぷら | H3: 魚 | I3: 唐揚 | J3: 串揚 | K3: 弁当 | AA3: 客数 | AB3: 合計 | AC3: 客数 | AD3: 合計 | AE3: 客数 | AF3: 合計 | AG3: 製造数量 | AH3: 廃棄数量
A4: =SUM(G4:K4) -> 130462 | B4: =A4 -> 130462 | C4: 46082 | D4: 日 | E4: 109698 | F4: 171 | G4: 24035 | H4: 59317 | I4: 38310 | J4: 8800 | U4: =C4 -> 46082 | V4: =$G$2 -> 11401 | W4: =G4 -> 24035 | X4: =C4 -> 46082 | Y4: =F4 -> 171 | AA4: 36 | AB4: 34750 | AC4: 83 | AD4: 75280 | AE4: 112 | AF4: 107280 | AG4: 12 | AH4: 0
A5: =SUM(G5:K5) -> 94184 | B5: =B4+A5 -> 224646 | C5: 46083 | D5: 月 | E5: 96150 | F5: 121 | G5: 19202 | H5: 44442 | I5: 25105 | J5: 5435 | U5: =C5 -> 46083 | V5: =$G$2 -> 11401 | W5: =G5 -> 19202 | X5: =C5 -> 46083 | Y5: =F5 -> 121 | AA5: 34 | AB5: 26530 | AC5: 62 | AD5: 52338 | AE5: 87 | AF5: 74170 | AG5: 12 | AH5: 0
A6: =SUM(G6:K6) -> 90546 | B6: =B5+A6 -> 315192 | C6: 46084 | D6: 火 | E6: 121508 | F6: 131 | G6: 16005 | H6: 41687 | I6: 27504 | J6: 5350 | U6: =C6 -> 46084 | V6: =$G$2 -> 11401 | W6: =G6 -> 16005 | X6: =C6 -> 46084 | Y6: =F6 -> 131 | AA6: 24 | AB6: 18364 | AC6: 55 | AD6: 37803 | AE6: 83 | AF6: 58603 | AG6: 12 | AH6: 0
A7: =SUM(G7:K7) -> 113488 | B7: =B6+A7 -> 428680 | C7: 46085 | D7: 水 | E7: 139040 | F7: 153 | G7: 18930 | H7: 46810 | I7: 42198 | J7: 5550 | U7: =C7 -> 46085 | V7: =$G$2 -> 11401 | W7: =G7 -> 18930 | X7: =C7 -> 46085 | Y7: =F7 -> 153 | AA7: 28 | AB7: 29866 | AC7: 68 | AD7: 59720 | AE7: 113 | AF7: 90150 | AG7: 17 | AH7: 2
A8: =SUM(G8:K8) -> 113290 | B8: =B7+A8 -> 541970 | C8: 46086 | D8: 木 | E8: 115428 | F8: 158 | G8: 17435 | H8: 44610 | I8: 40145 | J8: 11100 | U8: =C8 -> 46086 | V8: =$G$2 -> 11401 | W8: =G8 -> 17435 | X8: =C8 -> 46086 | Y8: =F8 -> 158 | AA8: 30 | AB8: 20662 | AC8: 82 | AD8: 58841 | AE8: 126 | AF8: 91071 | AG8: 12 | AH8: 0
A9: =SUM(G9:K9) -> 114623 | B9: =B8+A9 -> 656593 | C9: 46087 | D9: 金 | E9: 144008 | F9: 149 | G9: 20997 | H9: 51160 | I9: 37538 | J9: 4928 | U9: =C9 -> 46087 | V9: =$G$2 -> 11401 | W9: =G9 -> 20997 | X9: =C9 -> 46087 | Y9: =F9 -> 149 | AA9: 36 | AB9: 29604 | AC9: 91 | AD9: 69328 | AE9: 121 | AF9: 96408 | AG9: 19 | AH9: 0
A10: =SUM(G10:K10) -> 140606 | B10: =B9+A10 -> 797199 | C10: 46088 | D10: 土 | E10: 148408 | F10: 167 | G10: 28152 | H10: 53883 | I10: 47271 | J10: 11300 | U10: =C10 -> 46088 | V10: =$G$2 -> 11401 | W10: =G10 -> 28152 | X10: =C10 -> 46088 | Y10: =F10 -> 167 | AA10: 39 | AB10: 39106 | AC10: 97 | AD10: 87829 | AE10: 141 | AF10: 125351 | AG10: 19 | AH10: 0
A11: =SUM(G11:K11) -> 170271 | B11: =B10+A11 -> 967470 | C11: 46089 | D11: 日 | E11: 127033 | F11: 199 | G11: 28145 | H11: 78690 | I11: 53126 | J11: 10310 | U11: =C11 -> 46089 | V11: =$G$2 -> 11401 | W11: =G11 -> 28145 | X11: =C11 -> 46089 | Y11: =F11 -> 199 | AA11: 41 | AB11: 35191 | AC11: 102 | AD11: 95840 | AE11: 151 | AF11: 142500 | AG11: 27 | AH11: 0
A12: =SUM(G12:K12) -> 98514 | B12: =B11+A12 -> 1065984 | C12: 46090 | D12: 月 | E12: 125885 | F12: 146 | G12: 21935 | H12: 34075 | I12: 34029 | J12: 8475 | U12: =C12 -> 46090 | V12: =$G$2 -> 11401 | W12: =G12 -> 21935 | X12: =C12 -> 46090 | Y12: =F12 -> 146 | AA12: 36 | AB12: 26376 | AC12: 80 | AD12: 56246 | AE12: 105 | AF12: 74406 | AG12: 13 | AH12: 1
A13: =SUM(G13:K13) -> 107347 | B13: =B12+A13 -> 1173331 | C13: 46091 | D13: 火 | E13: 162961 | F13: 136 | G13: 20949 | H13: 44343 | I13: 36105 | J13: 5950 | U13: =C13 -> 46091 | V13: =$G$2 -> 11401 | W13: =G13 -> 20949 | X13: =C13 -> 46091 | Y13: =F13 -> 136 | AA13: 36 | AB13: 22990 | AC13: 68 | AD13: 51561 | AE13: 105 | AF13: 75336 | AG13: 12 | AH13: 0
A14: =SUM(G14:K14) -> 107915 | B14: =B13+A14 -> 1281246 | C14: 46092 | D14: 水 | E14: 86583 | F14: 155 | G14: 20330 | H14: 45855 | I14: 32878 | J14: 8852 | U14: =C14 -> 46092 | V14: =$G$2 -> 11401 | W14: =G14 -> 20330 | X14: =C14 -> 46092 | Y14: =F14 -> 155 | AA14: 33 | AB14: 30502 | AC14: 76 | AD14: 60797 | AE14: 110 | AF14: 80279 | AG14: 12 | AH14: 0
A15: =SUM(G15:K15) -> 112361 | B15: =B14+A15 -> 1393607 | C15: 46093 | D15: 木 | E15: 123858 | F15: 132 | G15: 19681 | H15: 55403 | I15: 31073 | J15: 6204 | U15: =C15 -> 46093 | V15: =$G$2 -> 11401 | W15: =G15 -> 19681 | X15: =C15 -> 46093 | Y15: =F15 -> 132 | AA15: 23 | AB15: 17850 | AC15: 68 | AD15: 58707 | AE15: 108 | AF15: 79657 | AG15: 20 | AH15: 0
A16: =SUM(G16:K16) -> 105303 | B16: =B15+A16 -> 1498910 | C16: 46094 | D16: 金 | E16: 135431 | F16: 137 | G16: 20050 | H16: 41105 | I16: 34965 | J16: 9183 | U16: =C16 -> 46094 | V16: =$G$2 -> 11401 | W16: =G16 -> 20050 | X16: =C16 -> 46094 | Y16: =F16 -> 137 | AA16: 23 | AB16: 18507 | AC16: 67 | AD16: 59600 | AE16: 96 | AF16: 77186 | AG16: 12 | AH16: 0
... A34: =SUM(G34:K34) -> 78033 | B34: =B33+A34 -> 3540021 | C34: 46112 | D34: 火 | E34: 88808 | F34: 107 | G34: 14620 | H34: 28735 | I34: 26538 | J34: 8140 | U34: =C34 -> 46112 | V34: =$G$2 -> 11401 | W34: =G34 -> 14620 | X34: =C34 -> 46112 | Y34: =F34 -> 107 | AA34: 16 | AB34: 13020 | AC34: 45 | AD34: 34505 | AE34: 73 | AF34: 53044 | AG34: 12 | AH34: 0
D35: 客数合計 | E35: =SUM(E4:E34) -> 3868898 | F35: =SUM(F4:F34) -> 4652 | U35: =C4 -> 46082 | V35: =$H$2 -> 11402 | W35: =H4 -> 59317
U36: =C5 -> 46083 | V36: =$H$2 -> 11402 | W36: =H5 -> 44442
U37: =C6 -> 46084 | V37: =$H$2 -> 11402 | W37: =H6 -> 41687
U38: =C7 -> 46085 | V38: =$H$2 -> 11402 | W38: =H7 -> 46810
U39: =C8 -> 46086 | V39: =$H$2 -> 11402 | W39: =H8 -> 44610
U40: =C9 -> 46087 | V40: =$H$2 -> 11402 | W40: =H9 -> 51160
U41: =C10 -> 46088 | V41: =$H$2 -> 11402 | W41: =H10 -> 53883
A42: : | U42: =C11 -> 46089 | V42: =$H$2 -> 11402 | W42: =H11 -> 78690
U43: =C12 -> 46090 | V43: =$H$2 -> 11402 | W43: =H12 -> 34075
U44: =C13 -> 46091 | V44: =$H$2 -> 11402 | W44: =H13 -> 44343
U45: =C14 -> 46092 | V45: =$H$2 -> 11402 | W45: =H14 -> 45855
U46: =C15 -> 46093 | V46: =$H$2 -> 11402 | W46: =H15 -> 55403
U47: =C16 -> 46094 | V47: =$H$2 -> 11402 | W47: =H16 -> 41105
U48: =C17 -> 46095 | V48: =$H$2 -> 11402 | W48: =H17 -> 45123
U49: =C18 -> 46096 | V49: =$H$2 -> 11402 | W49: =H18 -> 50997
U50: =C19 -> 46097 | V50: =$H$2 -> 11402 | W50: =H19 -> 47540
U51: =C20 -> 46098 | V51: =$H$2 -> 11402 | W51: =H20 -> 48443
U52: =C21 -> 46099 | V52: =$H$2 -> 11402 | W52: =H21 -> 42290
U53: =C22 -> 46100 | V53: =$H$2 -> 11402 | W53: =H22 -> 41200
U54: =C23 -> 46101 | V54: =$H$2 -> 11402 | W54: =H23 -> 50930
... U65: =C34 -> 46112 | V65: =$H$2 -> 11402 | W65: =H34 -> 28735
U66: =C4 -> 46082 | V66: =$I$2 -> 11403 | W66: =I4 -> 38310
U67: =C5 -> 46083 | V67: =$I$2 -> 11403 | W67: =I5 -> 25105
U68: =C6 -> 46084 | V68: =$I$2 -> 11403 | W68: =I6 -> 27504
U69: =C7 -> 46085 | V69: =$I$2 -> 11403 | W69: =I7 -> 42198
U70: =C8 -> 46086 | V70: =$I$2 -> 11403 | W70: =I8 -> 40145
U71: =C9 -> 46087 | V71: =$I$2 -> 11403 | W71: =I9 -> 37538
U72: =C10 -> 46088 | V72: =$I$2 -> 11403 | W72: =I10 -> 47271
U73: =C11 -> 46089 | V73: =$I$2 -> 11403 | W73: =I11 -> 53126
U74: =C12 -> 46090 | V74: =$I$2 -> 11403 | W74: =I12 -> 34029
U75: =C13 -> 46091 | V75: =$I$2 -> 11403 | W75: =I13 -> 36105
U76: =C14 -> 46092 | V76: =$I$2 -> 11403 | W76: =I14 -> 32878
U77: =C15 -> 46093 | V77: =$I$2 -> 11403 | W77: =I15 -> 31073
... U96: =C34 -> 46112 | V96: =$I$2 -> 11403 | W96: =I34 -> 26538
U97: =C4 -> 46082 | V97: =$J$2 -> 11404 | W97: =J4 -> 8800
U98: =C5 -> 46083 | V98: =$J$2 -> 11404 | W98: =J5 -> 5435
U99: =C6 -> 46084 | V99: =$J$2 -> 11404 | W99: =J6 -> 5350
U100: =C7 -> 46085 | V100: =$J$2 -> 11404 | W100: =J7 -> 5550
U101: =C8 -> 46086 | V101: =$J$2 -> 11404 | W101: =J8 -> 11100
U102: =C9 -> 46087 | V102: =$J$2 -> 11404 | W102: =J9 -> 4928
U103: =C10 -> 46088 | V103: =$J$2 -> 11404 | W103: =J10 -> 11300
U104: =C11 -> 46089 | V104: =$J$2 -> 11404 | W104: =J11 -> 10310
U105: =C12 -> 46090 | V105: =$J$2 -> 11404 | W105: =J12 -> 8475
U106: =C13 -> 46091 | V106: =$J$2 -> 11404 | W106: =J13 -> 5950
U107: =C14 -> 46092 | V107: =$J$2 -> 11404 | W107: =J14 -> 8852
U108: =C15 -> 46093 | V108: =$J$2 -> 11404 | W108: =J15 -> 6204
... U127: =C34 -> 46112 | V127: =$J$2 -> 11404 | W127: =J34 -> 8140
U128: =C4 -> 46082 | V128: =$K$2 -> 11407 | W128: =K4 -> 0
U129: =C5 -> 46083 | V129: =$K$2 -> 11407 | W129: =K5 -> 0
U130: =C6 -> 46084 | V130: =$K$2 -> 11407 | W130: =K6 -> 0
U131: =C7 -> 46085 | V131: =$K$2 -> 11407 | W131: =K7 -> 0
U132: =C8 -> 46086 | V132: =$K$2 -> 11407 | W132: =K8 -> 0
U133: =C9 -> 46087 | V133: =$K$2 -> 11407 | W133: =K9 -> 0
U134: =C10 -> 46088 | V134: =$K$2 -> 11407 | W134: =K10 -> 0
U135: =C11 -> 46089 | V135: =$K$2 -> 11407 | W135: =K11 -> 0
U136: =C12 -> 46090 | V136: =$K$2 -> 11407 | W136: =K12 -> 0
U137: =C13 -> 46091 | V137: =$K$2 -> 11407 | W137: =K13 -> 0
U138: =C14 -> 46092 | V138: =$K$2 -> 11407 | W138: =K14 -> 0
U139: =C15 -> 46093 | V139: =$K$2 -> 11407 | W139: =K15 -> 0
... U158: =C34 -> 46112 | V158: =$K$2 -> 11407 | W158: =K34 -> 0
U159: =C4 -> 46082 | V159: =$K$2 -> 11407 | W159: =K35 -> 0
U160: =C5 -> 46083 | V160: =$K$2 -> 11407 | W160: =K36 -> 0
U161: =C6 -> 46084 | V161: =$K$2 -> 11407 | W161: =K37 -> 0
U162: =C7 -> 46085 | V162: =$K$2 -> 11407 | W162: =K38 -> 0
U163: =C8 -> 46086 | V163: =$K$2 -> 11407 | W163: =K39 -> 0
U164: =C9 -> 46087 | V164: =$K$2 -> 11407 | W164: =K40 -> 0
U165: =C10 -> 46088 | V165: =$K$2 -> 11407 | W165: =K41 -> 0
U166: =C11 -> 46089 | V166: =$K$2 -> 11407 | W166: =K42 -> 0
U167: =C12 -> 46090 | V167: =$K$2 -> 11407 | W167: =K43 -> 0
U168: =C13 -> 46091 | V168: =$K$2 -> 11407 | W168: =K44 -> 0
U169: =C14 -> 46092 | V169: =$K$2 -> 11407 | W169: =K45 -> 0
U170: =C15 -> 46093 | V170: =$K$2 -> 11407 | W170: =K46 -> 0
... U189: =C34 -> 46112 | V189: =$K$2 -> 11407 | W189: =K65 -> 0

Sheet 守口
A1: 118 | C1: 守口 | G1: 01 | H1: 02 | I1: 03 | J1: 10 | K1: 13 | L1: 24 | AA1: 12：00 | AC1: 15：00 | AE1: 17：00 | AG1: からすかれい煮付
A2: 2026年 | G2: =CONCATENATE($A$1,G1) -> 11801 | H2: =CONCATENATE($A$1,H1) -> 11802 | I2: =CONCATENATE($A$1,I1) -> 11803 | J2: =CONCATENATE($A$1,J1) -> 11810 | K2: =CONCATENATE($A$1,K1) -> 11813 | L2: =CONCATENATE($A$1,L1) -> 11824
A3: 店合計 | B3: 累計 | C3: 日付 | E3: 上代合計 | F3: 客数 | G3: 天ぷら | H3: 魚 | I3: 唐揚 | J3: 個食 | K3: 催事 | L3: くじら | AA3: 客数 | AB3: 合計 | AC3: 客数 | AD3: 合計 | AE3: 客数 | AF3: 合計 | AG3: 製造数量 | AH3: 廃棄数量
A4: =SUM(G4:L4) -> 169250 | B4: =A4 -> 169250 | C4: 46082 | D4: 日 | E4: 203638 | F4: 132 | G4: 41397 | H4: 85207 | I4: 37586 | J4: 5060 | U4: =C4 -> 46082 | V4: =$G$2 -> 11801 | W4: =G4 -> 41397 | X4: =C4 -> 46082 | Y4: =F4 -> 132 | AB4: 27300 | AD4: 91240 | AF4: 139270 | AG4: 10 | AH4: 0
A5: =SUM(G5:L5) -> 138663 | B5: =B4+A5 -> 307913 | C5: 46083 | D5: 月 | E5: 223070 | F5: 116 | G5: 32900 | H5: 75746 | I5: 26057 | J5: 3960 | U5: =C5 -> 46083 | V5: =$G$2 -> 11801 | W5: =G5 -> 32900 | X5: =C5 -> 46083 | Y5: =F5 -> 116 | AB5: 27620 | AD5: 90740 | AF5: 109230 | AG5: 10 | AH5: 0
A6: =SUM(G6:L6) -> 214281 | B6: =B5+A6 -> 522194 | C6: 46084 | D6: 火 | E6: 216105 | F6: 135 | G6: 56256 | H6: 89079 | I6: 65646 | J6: 3300 | U6: =C6 -> 46084 | V6: =$G$2 -> 11801 | W6: =G6 -> 56256 | X6: =C6 -> 46084 | Y6: =F6 -> 135 | AB6: 61125 | AD6: 134220 | AF6: 179150 | AG6: 10 | AH6: 0
A7: =SUM(G7:L7) -> 139318 | B7: =B6+A7 -> 661512 | C7: 46085 | D7: 水 | E7: 150888 | F7: 89 | G7: 32601 | H7: 74233 | I7: 29404 | J7: 3080 | U7: =C7 -> 46085 | V7: =$G$2 -> 11801 | W7: =G7 -> 32601 | X7: =C7 -> 46085 | Y7: =F7 -> 89 | AB7: 28480 | AD7: 85680 | AF7: 103770 | AG7: 10 | AH7: 0
